data,municipio,vlr_cesta_basica
01-01-2010,Brasília,214.47
01-02-2010,Brasília,216.89
01-03-2010,Brasília,236.41
01-04-2010,Brasília,237.76
01-05-2010,Brasília,233.25
01-06-2010,Brasília,230.39
01-07-2010,Brasília,221.17
01-08-2010,Brasília,213.98
01-09-2010,Brasília,215.99
01-10-2010,Brasília,224.24
01-11-2010,Brasília,236.73
01-12-2010,Brasília,233.67
01-01-2011,Brasília,255.65
01-02-2011,Brasília,250.48
01-03-2011,Brasília,250.35
01-04-2011,Brasília,248.32
01-05-2011,Brasília,248.93
01-06-2011,Brasília,246.1
01-07-2011,Brasília,241.89
01-08-2011,Brasília,244.24
01-09-2011,Brasília,241.9
01-10-2011,Brasília,243.11
01-11-2011,Brasília,249.13
01-12-2011,Brasília,247.88
01-01-2012,Brasília,259.59
01-02-2012,Brasília,255.91
01-03-2012,Brasília,253.7
01-04-2012,Brasília,255.5
01-05-2012,Brasília,253.21
01-06-2012,Brasília,259.7
01-07-2012,Brasília,275.58
01-08-2012,Brasília,284.5
01-09-2012,Brasília,281.87
01-10-2012,Brasília,271.55
01-11-2012,Brasília,266.85
01-12-2012,Brasília,275.95
01-01-2013,Brasília,307.14
01-02-2013,Brasília,306.39
01-03-2013,Brasília,310.75
01-04-2013,Brasília,309.68
01-05-2013,Brasília,303.37
01-06-2013,Brasília,312.09
01-07-2013,Brasília,284.45
01-08-2013,Brasília,286.49
01-09-2013,Brasília,276.14
01-10-2013,Brasília,284.12
01-11-2013,Brasília,286.35
01-12-2013,Brasília,289.72
01-01-2014,Brasília,304.09
01-02-2014,Brasília,295.23
01-03-2014,Brasília,323.02
01-04-2014,Brasília,331.53
01-05-2014,Brasília,331.19
01-06-2014,Brasília,324.07
01-07-2014,Brasília,300.86
01-08-2014,Brasília,297.27
01-09-2014,Brasília,300.54
01-10-2014,Brasília,303.28
01-11-2014,Brasília,321.05
01-12-2014,Brasília,329.66
01-01-2015,Brasília,353.6
01-02-2015,Brasília,355.7
01-03-2015,Brasília,351.93
01-04-2015,Brasília,358.0
01-05-2015,Brasília,370.23
01-06-2015,Brasília,359.61
01-07-2015,Brasília,354.94
01-08-2015,Brasília,342.66
01-09-2015,Brasília,338.28
01-10-2015,Brasília,345.38
01-11-2015,Brasília,377.24
01-12-2015,Brasília,392.93
01-12-2015 (1),Brasília,398.65
01-01-2016,Brasília,451.76
01-02-2016,Brasília,438.69
01-03-2016,Brasília,444.74
01-04-2016,Brasília,427.68
01-05-2016,Brasília,441.6
01-06-2016,Brasília,448.4
01-07-2016,Brasília,447.36
01-08-2016,Brasília,451.29
01-09-2016,Brasília,461.99
01-10-2016,Brasília,436.85
01-11-2016,Brasília,436.68
01-12-2016,Brasília,433.74
01-01-2017,Brasília,432.65
01-02-2017,Brasília,416.59
01-03-2017,Brasília,415.39
01-04-2017,Brasília,427.37
01-05-2017,Brasília,422.53
01-06-2017,Brasília,404.88
01-07-2017,Brasília,405.4
01-08-2017,Brasília,396.54
01-09-2017,Brasília,383.03
01-10-2017,Brasília,388.78
01-11-2017,Brasília,380.52
01-12-2017,Brasília,379.77
01-01-2018,Brasília,416.5
01-02-2018,Brasília,408.68
01-03-2018,Brasília,404.6
01-04-2018,Brasília,402.31
01-05-2018,Brasília,404.65
01-06-2018,Brasília,413.02
01-07-2018,Brasília,390.34
01-08-2018,Brasília,385.62
01-09-2018,Brasília,390.14
01-10-2018,Brasília,408.57
01-11-2018,Brasília,430.82
01-12-2018,Brasília,435.83
01-01-2019,Brasília,427.1
01-02-2019,Brasília,427.54
01-03-2019,Brasília,474.94
01-04-2019,Brasília,487.02
01-05-2019,Brasília,487.3
01-06-2019,Brasília,454.9
01-07-2019,Brasília,449.27
01-08-2019,Brasília,433.45
01-09-2019,Brasília,420.01
01-10-2019,Brasília,441.91
01-12-2019,Brasília,473.9
01-01-2020,Brasília,483.17
01-02-2020,Brasília,481.78
01-03-2020,Brasília,484.15
01-04-2020,Brasília,471.17
01-05-2020,Brasília,441.09
01-06-2020,Brasília,450.45
01-07-2020,Brasília,449.96
01-08-2020,Brasília,443.28
01-09-2020,Brasília,445.76
01-10-2020,Brasília,490.48
01-11-2020,Brasília,572.64
01-12-2020,Brasília,591.82
01-01-2021,Brasília,614.31
01-02-2021,Brasília,591.44
01-03-2021,Brasília,580.76
01-04-2021,Brasília,587.33
01-05-2021,Brasília,588.24
01-06-2021,Brasília,584.99
01-07-2021,Brasília,582.35
01-08-2021,Brasília,594.59
01-09-2021,Brasília,617.65
01-10-2021,Brasília,644.09
01-11-2021,Brasília,631.95
01-12-2021,Brasília,621.56
01-01-2022,Brasília,661.09
01-02-2022,Brasília,670.98
01-03-2022,Brasília,704.65
01-04-2022,Brasília,741.55
01-05-2022,Brasília,696.34
01-06-2022,Brasília,698.36
01-07-2022,Brasília,703.93
01-08-2022,Brasília,689.31
01-09-2022,Brasília,687.21
01-10-2022,Brasília,699.09
01-11-2022,Brasília,712.2
01-12-2022,Brasília,728.78
01-01-2023,Brasília,729.73
01-02-2023,Brasília,719.74
01-03-2023,Brasília,693.32
01-04-2023,Brasília,717.09
01-05-2023,Brasília,703.43
01-06-2023,Brasília,687.33
01-07-2023,Brasília,687.58
01-08-2023,Brasília,689.98
01-09-2023,Brasília,662.2
01-10-2023,Brasília,647.76
01-11-2023,Brasília,667.58
01-12-2023,Brasília,698.74
01-01-2024,Brasília,742.52
01-02-2024,Brasília,741.91
01-03-2024,Brasília,747.68
01-04-2024,Brasília,727.95
01-05-2024,Brasília,737.37
01-06-2024,Brasília,738.93
01-07-2024,Brasília,694.31
01-08-2024,Brasília,673.14
01-09-2024,Brasília,682.51
01-10-2024,Brasília,711.05
01-11-2024,Brasília,742.25
01-12-2024,Brasília,743.19
01-01-2025,Brasília,756.03
01-02-2025,Brasília,772.3
01-03-2025,Brasília,782.65
01-10-2012,Campo Grande,264.22
01-11-2012,Campo Grande,266.06
01-12-2012,Campo Grande,268.03
01-01-2013,Campo Grande,287.87
01-02-2013,Campo Grande,294.32
01-03-2013,Campo Grande,301.57
01-04-2013,Campo Grande,295.99
01-05-2013,Campo Grande,306.8
01-06-2013,Campo Grande,300.48
01-07-2013,Campo Grande,288.79
01-08-2013,Campo Grande,289.12
01-09-2013,Campo Grande,290.58
01-10-2013,Campo Grande,291.11
01-11-2013,Campo Grande,295.75
01-12-2013,Campo Grande,301.2
01-01-2014,Campo Grande,288.57
01-02-2014,Campo Grande,292.09
01-03-2014,Campo Grande,329.61
01-04-2014,Campo Grande,330.61
01-05-2014,Campo Grande,323.84
01-06-2014,Campo Grande,309.09
01-07-2014,Campo Grande,293.55
01-08-2014,Campo Grande,288.28
01-09-2014,Campo Grande,285.02
01-10-2014,Campo Grande,296.22
01-11-2014,Campo Grande,303.69
01-12-2014,Campo Grande,308.32
01-01-2015,Campo Grande,329.58
01-02-2015,Campo Grande,326.43
01-03-2015,Campo Grande,327.67
01-04-2015,Campo Grande,347.48
01-05-2015,Campo Grande,364.35
01-06-2015,Campo Grande,349.8
01-07-2015,Campo Grande,347.08
01-08-2015,Campo Grande,338.79
01-09-2015,Campo Grande,336.69
01-10-2015,Campo Grande,339.2
01-11-2015,Campo Grande,368.59
01-12-2015,Campo Grande,378.55
01-12-2015 (1),Campo Grande,388.47
01-01-2016,Campo Grande,412.61
01-02-2016,Campo Grande,387.87
01-03-2016,Campo Grande,394.04
01-04-2016,Campo Grande,402.89
01-05-2016,Campo Grande,401.63
01-06-2016,Campo Grande,428.73
01-07-2016,Campo Grande,430.37
01-08-2016,Campo Grande,440.86
01-09-2016,Campo Grande,432.27
01-10-2016,Campo Grande,436.51
01-11-2016,Campo Grande,425.78
01-12-2016,Campo Grande,408.06
01-01-2017,Campo Grande,393.25
01-02-2017,Campo Grande,385.38
01-03-2017,Campo Grande,391.95
01-04-2017,Campo Grande,402.19
01-05-2017,Campo Grande,395.11
01-06-2017,Campo Grande,386.68
01-07-2017,Campo Grande,382.17
01-08-2017,Campo Grande,355.09
01-09-2017,Campo Grande,359.24
01-10-2017,Campo Grande,368.83
01-11-2017,Campo Grande,364.33
01-12-2017,Campo Grande,366.26
01-01-2018,Campo Grande,384.26
01-02-2018,Campo Grande,372.79
01-03-2018,Campo Grande,382.47
01-04-2018,Campo Grande,378.4
01-05-2018,Campo Grande,398.14
01-06-2018,Campo Grande,380.18
01-07-2018,Campo Grande,370.59
01-08-2018,Campo Grande,364.66
01-09-2018,Campo Grande,383.77
01-10-2018,Campo Grande,396.8
01-11-2018,Campo Grande,420.8
01-12-2018,Campo Grande,422.88
01-01-2019,Campo Grande,414.83
01-02-2019,Campo Grande,438.64
01-03-2019,Campo Grande,447.5
01-04-2019,Campo Grande,492.55
01-05-2019,Campo Grande,423.97
01-06-2019,Campo Grande,428.33
01-07-2019,Campo Grande,420.07
01-08-2019,Campo Grande,408.11
01-09-2019,Campo Grande,396.98
01-10-2019,Campo Grande,409.3
01-11-2019,Campo Grande,422.06
01-12-2019,Campo Grande,450.08
01-01-2020,Campo Grande,458.0
01-02-2020,Campo Grande,445.4
01-03-2020,Campo Grande,474.53
01-04-2020,Campo Grande,495.69
01-05-2020,Campo Grande,455.35
01-06-2020,Campo Grande,475.01
01-07-2020,Campo Grande,479.79
01-08-2020,Campo Grande,484.46
01-09-2020,Campo Grande,492.8
01-10-2020,Campo Grande,520.12
01-11-2020,Campo Grande,589.08
01-12-2020,Campo Grande,576.48
01-01-2021,Campo Grande,578.62
01-02-2021,Campo Grande,551.58
01-03-2021,Campo Grande,552.99
01-04-2021,Campo Grande,586.26
01-05-2021,Campo Grande,575.01
01-06-2021,Campo Grande,566.78
01-07-2021,Campo Grande,588.84
01-08-2021,Campo Grande,609.33
01-09-2021,Campo Grande,630.83
01-10-2021,Campo Grande,653.4
01-11-2021,Campo Grande,645.17
01-12-2021,Campo Grande,641.37
01-01-2022,Campo Grande,660.11
01-02-2022,Campo Grande,678.43
01-03-2022,Campo Grande,715.81
01-04-2022,Campo Grande,761.73
01-05-2022,Campo Grande,706.12
01-06-2022,Campo Grande,702.65
01-07-2022,Campo Grande,707.0
01-08-2022,Campo Grande,698.31
01-09-2022,Campo Grande,711.09
01-10-2022,Campo Grande,733.65
01-11-2022,Campo Grande,738.53
01-12-2022,Campo Grande,744.21
01-01-2023,Campo Grande,743.09
01-02-2023,Campo Grande,719.94
01-03-2023,Campo Grande,719.15
01-04-2023,Campo Grande,737.74
01-05-2023,Campo Grande,724.09
01-06-2023,Campo Grande,730.19
01-07-2023,Campo Grande,698.31
01-08-2023,Campo Grande,691.7
01-09-2023,Campo Grande,675.68
01-10-2023,Campo Grande,682.97
01-11-2023,Campo Grande,674.79
01-12-2023,Campo Grande,697.69
01-01-2024,Campo Grande,736.76
01-02-2024,Campo Grande,748.2
01-03-2024,Campo Grande,730.02
01-04-2024,Campo Grande,732.75
01-05-2024,Campo Grande,748.48
01-06-2024,Campo Grande,748.89
01-07-2024,Campo Grande,736.98
01-08-2024,Campo Grande,714.6
01-09-2024,Campo Grande,714.63
01-10-2024,Campo Grande,751.06
01-11-2024,Campo Grande,772.45
01-12-2024,Campo Grande,770.35
01-01-2025,Campo Grande,764.24
01-02-2025,Campo Grande,773.95
01-03-2025,Campo Grande,788.58
01-12-2015 (1),Cuiabá,390.88
01-01-2016,Cuiabá,423.0
01-02-2016,Cuiabá,402.57
01-03-2016,Cuiabá,407.72
01-04-2016,Cuiabá,402.29
01-05-2016,Cuiabá,410.09
01-06-2016,Cuiabá,430.78
01-07-2016,Cuiabá,442.5
01-08-2016,Cuiabá,453.1
01-09-2016,Cuiabá,453.65
01-10-2016,Cuiabá,452.62
01-11-2016,Cuiabá,431.46
01-12-2016,Cuiabá,426.22
01-01-2017,Cuiabá,408.51
01-02-2017,Cuiabá,394.45
01-03-2017,Cuiabá,389.94
01-04-2017,Cuiabá,411.41
01-05-2017,Cuiabá,402.52
01-06-2017,Cuiabá,395.23
01-07-2017,Cuiabá,395.04
01-08-2017,Cuiabá,375.96
01-09-2017,Cuiabá,366.94
01-10-2017,Cuiabá,379.74
01-11-2017,Cuiabá,375.6
01-12-2017,Cuiabá,376.71
01-01-2018,Cuiabá,403.35
01-02-2018,Cuiabá,395.03
01-03-2018,Cuiabá,398.54
01-04-2018,Cuiabá,391.56
01-05-2018,Cuiabá,395.49
01-06-2018,Cuiabá,425.32
01-07-2018,Cuiabá,388.43
01-08-2018,Cuiabá,385.61
01-01-2010,Goiânia,199.71
01-02-2010,Goiânia,190.63
01-03-2010,Goiânia,206.91
01-04-2010,Goiânia,206.46
01-05-2010,Goiânia,212.07
01-06-2010,Goiânia,223.13
01-07-2010,Goiânia,215.02
01-08-2010,Goiânia,213.97
01-09-2010,Goiânia,217.66
01-10-2010,Goiânia,229.93
01-11-2010,Goiânia,236.31
01-12-2010,Goiânia,234.61
01-01-2011,Goiânia,241.59
01-02-2011,Goiânia,241.53
01-03-2011,Goiânia,242.55
01-04-2011,Goiânia,237.16
01-05-2011,Goiânia,240.35
01-06-2011,Goiânia,232.58
01-07-2011,Goiânia,229.38
01-08-2011,Goiânia,227.21
01-09-2011,Goiânia,231.46
01-10-2011,Goiânia,233.48
01-11-2011,Goiânia,233.67
01-12-2011,Goiânia,246.7
01-01-2012,Goiânia,250.82
01-02-2012,Goiânia,251.04
01-03-2012,Goiânia,234.14
01-04-2012,Goiânia,235.36
01-05-2012,Goiânia,246.39
01-06-2012,Goiânia,244.03
01-07-2012,Goiânia,258.66
01-08-2012,Goiânia,263.9
01-09-2012,Goiânia,250.13
01-10-2012,Goiânia,251.12
01-11-2012,Goiânia,237.92
01-12-2012,Goiânia,263.17
01-01-2013,Goiânia,287.94
01-02-2013,Goiânia,286.34
01-03-2013,Goiânia,287.78
01-04-2013,Goiânia,284.22
01-05-2013,Goiânia,293.96
01-06-2013,Goiânia,289.62
01-07-2013,Goiânia,269.34
01-08-2013,Goiânia,258.45
01-09-2013,Goiânia,257.99
01-10-2013,Goiânia,262.47
01-11-2013,Goiânia,254.44
01-12-2013,Goiânia,274.67
01-01-2014,Goiânia,273.84
01-02-2014,Goiânia,275.32
01-03-2014,Goiânia,310.04
01-04-2014,Goiânia,293.27
01-05-2014,Goiânia,296.77
01-06-2014,Goiânia,295.12
01-07-2014,Goiânia,280.93
01-08-2014,Goiânia,276.18
01-09-2014,Goiânia,279.95
01-10-2014,Goiânia,287.46
01-11-2014,Goiânia,295.79
01-12-2014,Goiânia,301.21
01-01-2015,Goiânia,323.73
01-02-2015,Goiânia,325.64
01-03-2015,Goiânia,323.48
01-04-2015,Goiânia,327.69
01-05-2015,Goiânia,347.03
01-06-2015,Goiânia,329.65
01-07-2015,Goiânia,327.47
01-08-2015,Goiânia,320.69
01-09-2015,Goiânia,311.2
01-10-2015,Goiânia,310.73
01-11-2015,Goiânia,321.85
01-12-2015,Goiânia,335.87
01-12-2015 (1),Goiânia,335.58
01-01-2016,Goiânia,388.45
01-02-2016,Goiânia,371.8
01-03-2016,Goiânia,378.45
01-04-2016,Goiânia,382.16
01-05-2016,Goiânia,385.24
01-06-2016,Goiânia,421.46
01-07-2016,Goiânia,424.47
01-08-2016,Goiânia,411.12
01-09-2016,Goiânia,393.39
01-10-2016,Goiânia,389.44
01-11-2016,Goiânia,387.56
01-12-2016,Goiânia,386.84
01-01-2017,Goiânia,385.84
01-02-2017,Goiânia,380.18
01-03-2017,Goiânia,388.31
01-04-2017,Goiânia,388.83
01-05-2017,Goiânia,392.72
01-06-2017,Goiânia,390.1
01-07-2017,Goiânia,386.67
01-08-2017,Goiânia,386.81
01-09-2017,Goiânia,372.99
01-10-2017,Goiânia,362.58
01-11-2017,Goiânia,361.96
01-12-2017,Goiânia,360.7
01-01-2018,Goiânia,362.23
01-02-2018,Goiânia,364.01
01-03-2018,Goiânia,360.43
01-04-2018,Goiânia,365.81
01-05-2018,Goiânia,366.65
01-06-2018,Goiânia,365.81
01-07-2018,Goiânia,366.38
01-08-2018,Goiânia,362.47
01-09-2018,Goiânia,354.11
01-10-2018,Goiânia,357.72
01-11-2018,Goiânia,368.06
01-12-2018,Goiânia,388.86
01-01-2019,Goiânia,398.23
01-02-2019,Goiânia,416.4
01-03-2019,Goiânia,433.43
01-04-2019,Goiânia,445.28
01-05-2019,Goiânia,425.35
01-06-2019,Goiânia,421.65
01-07-2019,Goiânia,420.55
01-08-2019,Goiânia,399.4
01-09-2019,Goiânia,391.31
01-10-2019,Goiânia,395.7
01-11-2019,Goiânia,400.16
01-12-2019,Goiânia,454.75
01-01-2020,Goiânia,455.08
01-02-2020,Goiânia,448.62
01-03-2020,Goiânia,456.18
01-04-2020,Goiânia,493.21
01-05-2020,Goiânia,505.99
01-06-2020,Goiânia,480.78
01-07-2020,Goiânia,472.86
01-08-2020,Goiânia,483.15
01-09-2020,Goiânia,510.52
01-10-2020,Goiânia,537.61
01-11-2020,Goiânia,557.46
01-12-2020,Goiânia,563.8
01-01-2021,Goiânia,574.76
01-02-2021,Goiânia,560.67
01-03-2021,Goiânia,552.05
01-04-2021,Goiânia,556.27
01-05-2021,Goiânia,564.04
01-06-2021,Goiânia,551.49
01-07-2021,Goiânia,562.13
01-08-2021,Goiânia,565.4
01-09-2021,Goiânia,574.08
01-10-2021,Goiânia,591.78
01-11-2021,Goiânia,599.64
01-12-2021,Goiânia,597.24
01-01-2022,Goiânia,624.91
01-02-2022,Goiânia,641.09
01-03-2022,Goiânia,663.48
01-04-2022,Goiânia,682.87
01-05-2022,Goiânia,674.63
01-06-2022,Goiânia,674.08
01-07-2022,Goiânia,672.91
01-08-2022,Goiânia,660.83
01-09-2022,Goiânia,658.7
01-10-2022,Goiânia,675.79
01-11-2022,Goiânia,689.49
01-12-2022,Goiânia,704.63
01-01-2023,Goiânia,710.62
01-02-2023,Goiânia,695.18
01-03-2023,Goiânia,680.92
01-04-2023,Goiânia,704.94
01-05-2023,Goiânia,704.89
01-06-2023,Goiânia,669.39
01-07-2023,Goiânia,657.71
01-08-2023,Goiânia,641.53
01-09-2023,Goiânia,630.95
01-10-2023,Goiânia,636.07
01-11-2023,Goiânia,648.59
01-12-2023,Goiânia,669.36
01-01-2024,Goiânia,710.7
01-02-2024,Goiânia,707.81
01-03-2024,Goiânia,703.57
01-04-2024,Goiânia,701.01
01-05-2024,Goiânia,704.51
01-06-2024,Goiânia,711.43
01-07-2024,Goiânia,695.98
01-08-2024,Goiânia,667.87
01-09-2024,Goiânia,672.93
01-10-2024,Goiânia,695.37
01-11-2024,Goiânia,727.65
01-12-2024,Goiânia,732.5
01-01-2025,Goiânia,756.92
01-02-2025,Goiânia,739.34
01-03-2025,Goiânia,754.06
01-01-2010,Belo Horizonte,205.69
01-02-2010,Belo Horizonte,216.51
01-03-2010,Belo Horizonte,224.37
01-04-2010,Belo Horizonte,239.06
01-05-2010,Belo Horizonte,240.47
01-06-2010,Belo Horizonte,231.54
01-07-2010,Belo Horizonte,217.97
01-08-2010,Belo Horizonte,213.81
01-09-2010,Belo Horizonte,217.66
01-10-2010,Belo Horizonte,229.64
01-11-2010,Belo Horizonte,235.83
01-12-2010,Belo Horizonte,236.24
01-01-2011,Belo Horizonte,244.12
01-02-2011,Belo Horizonte,246.63
01-03-2011,Belo Horizonte,248.77
01-04-2011,Belo Horizonte,247.03
01-05-2011,Belo Horizonte,247.23
01-06-2011,Belo Horizonte,248.06
01-07-2011,Belo Horizonte,245.09
01-08-2011,Belo Horizonte,249.48
01-09-2011,Belo Horizonte,250.96
01-10-2011,Belo Horizonte,252.2
01-11-2011,Belo Horizonte,256.7
01-12-2011,Belo Horizonte,264.01
01-01-2012,Belo Horizonte,268.07
01-02-2012,Belo Horizonte,264.28
01-03-2012,Belo Horizonte,260.93
01-04-2012,Belo Horizonte,258.78
01-05-2012,Belo Horizonte,264.95
01-06-2012,Belo Horizonte,265.9
01-07-2012,Belo Horizonte,288.26
01-08-2012,Belo Horizonte,286.35
01-09-2012,Belo Horizonte,295.6
01-10-2012,Belo Horizonte,290.61
01-11-2012,Belo Horizonte,282.82
01-12-2012,Belo Horizonte,290.88
01-01-2013,Belo Horizonte,299.79
01-02-2013,Belo Horizonte,313.48
01-03-2013,Belo Horizonte,323.97
01-04-2013,Belo Horizonte,324.53
01-05-2013,Belo Horizonte,314.78
01-06-2013,Belo Horizonte,308.48
01-07-2013,Belo Horizonte,293.48
01-08-2013,Belo Horizonte,290.54
01-09-2013,Belo Horizonte,295.96
01-10-2013,Belo Horizonte,302.76
01-11-2013,Belo Horizonte,310.84
01-12-2013,Belo Horizonte,312.25
01-01-2014,Belo Horizonte,306.01
01-02-2014,Belo Horizonte,308.16
01-03-2014,Belo Horizonte,307.18
01-04-2014,Belo Horizonte,342.49
01-05-2014,Belo Horizonte,345.14
01-06-2014,Belo Horizonte,319.84
01-07-2014,Belo Horizonte,308.35
01-08-2014,Belo Horizonte,303.5
01-09-2014,Belo Horizonte,303.54
01-10-2014,Belo Horizonte,307.5
01-11-2014,Belo Horizonte,309.56
01-12-2014,Belo Horizonte,316.06
01-01-2015,Belo Horizonte,337.57
01-02-2015,Belo Horizonte,341.72
01-03-2015,Belo Horizonte,343.22
01-04-2015,Belo Horizonte,348.36
01-05-2015,Belo Horizonte,355.92
01-06-2015,Belo Horizonte,338.76
01-07-2015,Belo Horizonte,345.02
01-08-2015,Belo Horizonte,337.42
01-09-2015,Belo Horizonte,338.19
01-10-2015,Belo Horizonte,338.61
01-11-2015,Belo Horizonte,362.19
01-12-2015,Belo Horizonte,376.91
01-12-2015 (1),Belo Horizonte,370.49
01-01-2016,Belo Horizonte,417.72
01-02-2016,Belo Horizonte,400.29
01-03-2016,Belo Horizonte,408.84
01-04-2016,Belo Horizonte,399.24
01-05-2016,Belo Horizonte,408.5
01-06-2016,Belo Horizonte,425.82
01-07-2016,Belo Horizonte,423.1
01-08-2016,Belo Horizonte,429.64
01-09-2016,Belo Horizonte,421.55
01-10-2016,Belo Horizonte,418.47
01-11-2016,Belo Horizonte,400.9
01-12-2016,Belo Horizonte,394.66
01-01-2017,Belo Horizonte,389.69
01-02-2017,Belo Horizonte,377.66
01-03-2017,Belo Horizonte,385.57
01-04-2017,Belo Horizonte,397.36
01-05-2017,Belo Horizonte,390.6
01-06-2017,Belo Horizonte,374.87
01-07-2017,Belo Horizonte,383.69
01-08-2017,Belo Horizonte,365.05
01-09-2017,Belo Horizonte,361.82
01-10-2017,Belo Horizonte,365.89
01-11-2017,Belo Horizonte,359.71
01-12-2017,Belo Horizonte,361.61
01-01-2018,Belo Horizonte,380.02
01-02-2018,Belo Horizonte,381.9
01-03-2018,Belo Horizonte,378.13
01-04-2018,Belo Horizonte,376.58
01-05-2018,Belo Horizonte,375.11
01-06-2018,Belo Horizonte,373.92
01-07-2018,Belo Horizonte,363.28
01-08-2018,Belo Horizonte,357.93
01-09-2018,Belo Horizonte,358.83
01-10-2018,Belo Horizonte,372.77
01-11-2018,Belo Horizonte,401.9
01-12-2018,Belo Horizonte,408.71
01-01-2019,Belo Horizonte,405.4
01-02-2019,Belo Horizonte,425.0
01-03-2019,Belo Horizonte,443.26
01-04-2019,Belo Horizonte,456.91
01-05-2019,Belo Horizonte,424.85
01-06-2019,Belo Horizonte,429.3
01-07-2019,Belo Horizonte,415.03
01-08-2019,Belo Horizonte,401.14
01-09-2019,Belo Horizonte,390.93
01-10-2019,Belo Horizonte,391.85
01-11-2019,Belo Horizonte,393.58
01-12-2019,Belo Horizonte,444.91
01-01-2020,Belo Horizonte,456.35
01-02-2020,Belo Horizonte,459.1
01-03-2020,Belo Horizonte,461.28
01-04-2020,Belo Horizonte,484.55
01-05-2020,Belo Horizonte,484.02
01-06-2020,Belo Horizonte,475.19
01-07-2020,Belo Horizonte,465.06
01-08-2020,Belo Horizonte,478.07
01-09-2020,Belo Horizonte,491.62
01-10-2020,Belo Horizonte,516.82
01-11-2020,Belo Horizonte,552.37
01-12-2020,Belo Horizonte,568.53
01-01-2021,Belo Horizonte,592.26
01-02-2021,Belo Horizonte,573.53
01-03-2021,Belo Horizonte,555.67
01-04-2021,Belo Horizonte,565.78
01-06-2021,Belo Horizonte,532.01
01-07-2021,Belo Horizonte,549.49
01-08-2021,Belo Horizonte,562.95
01-09-2021,Belo Horizonte,582.61
01-10-2021,Belo Horizonte,598.79
01-11-2021,Belo Horizonte,594.97
01-12-2021,Belo Horizonte,605.16
01-01-2022,Belo Horizonte,632.83
01-02-2022,Belo Horizonte,642.01
01-03-2022,Belo Horizonte,669.47
01-04-2022,Belo Horizonte,693.41
01-05-2022,Belo Horizonte,653.12
01-06-2022,Belo Horizonte,648.77
01-07-2022,Belo Horizonte,652.07
01-08-2022,Belo Horizonte,638.19
01-09-2022,Belo Horizonte,650.16
01-10-2022,Belo Horizonte,662.37
01-11-2022,Belo Horizonte,693.37
01-12-2022,Belo Horizonte,696.32
01-01-2023,Belo Horizonte,707.93
01-02-2023,Belo Horizonte,679.86
01-03-2023,Belo Horizonte,654.57
01-04-2023,Belo Horizonte,668.96
01-05-2023,Belo Horizonte,666.82
01-06-2023,Belo Horizonte,656.02
01-07-2023,Belo Horizonte,652.78
01-08-2023,Belo Horizonte,646.02
01-09-2023,Belo Horizonte,633.78
01-10-2023,Belo Horizonte,627.72
01-11-2023,Belo Horizonte,639.68
01-12-2023,Belo Horizonte,656.29
01-01-2024,Belo Horizonte,724.73
01-02-2024,Belo Horizonte,727.46
01-03-2024,Belo Horizonte,712.51
01-04-2024,Belo Horizonte,712.7
01-05-2024,Belo Horizonte,693.39
01-06-2024,Belo Horizonte,701.55
01-07-2024,Belo Horizonte,656.69
01-08-2024,Belo Horizonte,655.25
01-09-2024,Belo Horizonte,651.44
01-10-2024,Belo Horizonte,678.07
01-11-2024,Belo Horizonte,686.9
01-12-2024,Belo Horizonte,694.77
01-01-2025,Belo Horizonte,717.51
01-02-2025,Belo Horizonte,726.01
01-03-2025,Belo Horizonte,744.1
01-01-2010,Rio de Janeiro,213.77
01-02-2010,Rio de Janeiro,221.8
01-03-2010,Rio de Janeiro,240.22
01-04-2010,Rio de Janeiro,253.13
01-05-2010,Rio de Janeiro,240.36
01-06-2010,Rio de Janeiro,228.16
01-07-2010,Rio de Janeiro,213.1
01-08-2010,Rio de Janeiro,211.88
01-09-2010,Rio de Janeiro,219.54
01-10-2010,Rio de Janeiro,230.13
01-11-2010,Rio de Janeiro,242.35
01-12-2010,Rio de Janeiro,242.67
01-01-2011,Rio de Janeiro,252.24
01-02-2011,Rio de Janeiro,249.02
01-03-2011,Rio de Janeiro,259.8
01-04-2011,Rio de Janeiro,255.16
01-05-2011,Rio de Janeiro,260.0
01-06-2011,Rio de Janeiro,256.91
01-07-2011,Rio de Janeiro,241.47
01-08-2011,Rio de Janeiro,253.1
01-09-2011,Rio de Janeiro,250.81
01-10-2011,Rio de Janeiro,251.97
01-11-2011,Rio de Janeiro,261.69
01-12-2011,Rio de Janeiro,262.9
01-01-2012,Rio de Janeiro,271.71
01-02-2012,Rio de Janeiro,263.46
01-03-2012,Rio de Janeiro,256.74
01-04-2012,Rio de Janeiro,252.04
01-05-2012,Rio de Janeiro,260.49
01-06-2012,Rio de Janeiro,270.36
01-07-2012,Rio de Janeiro,290.64
01-08-2012,Rio de Janeiro,302.52
01-09-2012,Rio de Janeiro,297.17
01-10-2012,Rio de Janeiro,295.39
01-11-2012,Rio de Janeiro,272.1
01-12-2012,Rio de Janeiro,281.83
01-01-2013,Rio de Janeiro,303.86
01-02-2013,Rio de Janeiro,306.83
01-03-2013,Rio de Janeiro,314.99
01-04-2013,Rio de Janeiro,327.52
01-05-2013,Rio de Janeiro,321.41
01-06-2013,Rio de Janeiro,310.0
01-07-2013,Rio de Janeiro,300.71
01-08-2013,Rio de Janeiro,298.42
01-09-2013,Rio de Janeiro,295.59
01-10-2013,Rio de Janeiro,312.9
01-11-2013,Rio de Janeiro,316.88
01-12-2013,Rio de Janeiro,315.52
01-01-2014,Rio de Janeiro,310.52
01-02-2014,Rio de Janeiro,314.72
01-03-2014,Rio de Janeiro,345.11
01-04-2014,Rio de Janeiro,346.18
01-05-2014,Rio de Janeiro,348.04
01-06-2014,Rio de Janeiro,343.44
01-07-2014,Rio de Janeiro,330.22
01-08-2014,Rio de Janeiro,327.64
01-09-2014,Rio de Janeiro,326.78
01-10-2014,Rio de Janeiro,336.1
01-11-2014,Rio de Janeiro,325.91
01-12-2014,Rio de Janeiro,338.03
01-01-2015,Rio de Janeiro,353.51
01-02-2015,Rio de Janeiro,357.27
01-03-2015,Rio de Janeiro,358.68
01-04-2015,Rio de Janeiro,374.85
01-05-2015,Rio de Janeiro,395.23
01-06-2015,Rio de Janeiro,368.71
01-07-2015,Rio de Janeiro,372.24
01-08-2015,Rio de Janeiro,360.23
01-09-2015,Rio de Janeiro,362.9
01-10-2015,Rio de Janeiro,359.66
01-11-2015,Rio de Janeiro,385.8
01-12-2015,Rio de Janeiro,394.21
01-12-2015 (1),Rio de Janeiro,397.91
01-01-2016,Rio de Janeiro,448.06
01-02-2016,Rio de Janeiro,430.56
01-03-2016,Rio de Janeiro,440.79
01-04-2016,Rio de Janeiro,433.96
01-05-2016,Rio de Janeiro,436.02
01-06-2016,Rio de Janeiro,439.33
01-07-2016,Rio de Janeiro,448.28
01-08-2016,Rio de Janeiro,455.45
01-09-2016,Rio de Janeiro,451.58
01-10-2016,Rio de Janeiro,456.44
01-11-2016,Rio de Janeiro,448.73
01-12-2016,Rio de Janeiro,443.75
01-01-2017,Rio de Janeiro,440.16
01-02-2017,Rio de Janeiro,424.55
01-03-2017,Rio de Janeiro,431.31
01-04-2017,Rio de Janeiro,448.51
01-05-2017,Rio de Janeiro,442.56
01-06-2017,Rio de Janeiro,420.35
01-07-2017,Rio de Janeiro,425.62
01-08-2017,Rio de Janeiro,410.43
01-09-2017,Rio de Janeiro,410.27
01-10-2017,Rio de Janeiro,421.05
01-11-2017,Rio de Janeiro,407.37
01-12-2017,Rio de Janeiro,418.71
01-01-2018,Rio de Janeiro,443.81
01-02-2018,Rio de Janeiro,438.36
01-03-2018,Rio de Janeiro,441.19
01-04-2018,Rio de Janeiro,440.06
01-05-2018,Rio de Janeiro,446.03
01-06-2018,Rio de Janeiro,445.58
01-07-2018,Rio de Janeiro,421.89
01-08-2018,Rio de Janeiro,417.05
01-09-2018,Rio de Janeiro,418.48
01-10-2018,Rio de Janeiro,443.69
01-11-2018,Rio de Janeiro,460.24
01-12-2018,Rio de Janeiro,466.75
01-01-2019,Rio de Janeiro,460.46
01-02-2019,Rio de Janeiro,464.47
01-03-2019,Rio de Janeiro,496.33
01-04-2019,Rio de Janeiro,515.58
01-05-2019,Rio de Janeiro,492.93
01-06-2019,Rio de Janeiro,498.67
01-07-2019,Rio de Janeiro,479.28
01-08-2019,Rio de Janeiro,462.24
01-09-2019,Rio de Janeiro,458.21
01-10-2019,Rio de Janeiro,462.57
01-11-2019,Rio de Janeiro,455.37
01-12-2019,Rio de Janeiro,516.91
01-01-2020,Rio de Janeiro,507.13
01-02-2020,Rio de Janeiro,505.55
01-03-2020,Rio de Janeiro,533.65
01-04-2020,Rio de Janeiro,544.34
01-05-2020,Rio de Janeiro,558.81
01-06-2020,Rio de Janeiro,512.84
01-07-2020,Rio de Janeiro,505.72
01-08-2020,Rio de Janeiro,529.76
01-09-2020,Rio de Janeiro,563.75
01-10-2020,Rio de Janeiro,592.25
01-11-2020,Rio de Janeiro,629.63
01-12-2020,Rio de Janeiro,621.09
01-01-2021,Rio de Janeiro,644.0
01-02-2021,Rio de Janeiro,629.82
01-03-2021,Rio de Janeiro,612.56
01-04-2021,Rio de Janeiro,622.04
01-05-2021,Rio de Janeiro,622.76
01-06-2021,Rio de Janeiro,619.24
01-07-2021,Rio de Janeiro,621.34
01-08-2021,Rio de Janeiro,634.18
01-09-2021,Rio de Janeiro,643.06
01-10-2021,Rio de Janeiro,673.85
01-11-2021,Rio de Janeiro,665.6
01-12-2021,Rio de Janeiro,666.26
01-01-2022,Rio de Janeiro,692.83
01-02-2022,Rio de Janeiro,697.37
01-03-2022,Rio de Janeiro,750.71
01-04-2022,Rio de Janeiro,768.42
01-05-2022,Rio de Janeiro,723.55
01-06-2022,Rio de Janeiro,733.14
01-07-2022,Rio de Janeiro,723.75
01-08-2022,Rio de Janeiro,717.82
01-09-2022,Rio de Janeiro,714.14
01-10-2022,Rio de Janeiro,736.28
01-11-2022,Rio de Janeiro,749.25
01-12-2022,Rio de Janeiro,752.74
01-01-2023,Rio de Janeiro,770.19
01-02-2023,Rio de Janeiro,745.96
01-03-2023,Rio de Janeiro,735.62
01-04-2023,Rio de Janeiro,750.77
01-05-2023,Rio de Janeiro,749.76
01-06-2023,Rio de Janeiro,741.0
01-07-2023,Rio de Janeiro,738.12
01-08-2023,Rio de Janeiro,722.78
01-09-2023,Rio de Janeiro,719.92
01-10-2023,Rio de Janeiro,721.17
01-11-2023,Rio de Janeiro,728.27
01-12-2023,Rio de Janeiro,738.61
01-01-2024,Rio de Janeiro,791.77
01-02-2024,Rio de Janeiro,832.8
01-03-2024,Rio de Janeiro,812.25
01-04-2024,Rio de Janeiro,801.15
01-05-2024,Rio de Janeiro,796.67
01-06-2024,Rio de Janeiro,814.38
01-07-2024,Rio de Janeiro,757.64
01-08-2024,Rio de Janeiro,745.64
01-09-2024,Rio de Janeiro,757.3
01-10-2024,Rio de Janeiro,773.7
01-11-2024,Rio de Janeiro,777.66
01-12-2024,Rio de Janeiro,779.84
01-01-2025,Rio de Janeiro,802.88
01-02-2025,Rio de Janeiro,814.9
01-03-2025,Rio de Janeiro,835.5
01-01-2010,São Paulo,225.02
01-02-2010,São Paulo,229.64
01-03-2010,São Paulo,253.74
01-04-2010,São Paulo,261.39
01-05-2010,São Paulo,256.31
01-06-2010,São Paulo,249.06
01-07-2010,São Paulo,239.38
01-08-2010,São Paulo,235.65
01-09-2010,São Paulo,241.08
01-10-2010,São Paulo,253.79
01-11-2010,São Paulo,264.61
01-12-2010,São Paulo,265.15
01-01-2011,São Paulo,261.25
01-02-2011,São Paulo,261.18
01-03-2011,São Paulo,267.58
01-04-2011,São Paulo,268.52
01-05-2011,São Paulo,272.98
01-06-2011,São Paulo,273.48
01-07-2011,São Paulo,263.38
01-08-2011,São Paulo,266.75
01-09-2011,São Paulo,267.19
01-10-2011,São Paulo,266.97
01-11-2011,São Paulo,276.31
01-12-2011,São Paulo,277.27
01-01-2012,São Paulo,285.54
01-02-2012,São Paulo,276.54
01-03-2012,São Paulo,273.25
01-04-2012,São Paulo,277.27
01-05-2012,São Paulo,283.69
01-06-2012,São Paulo,287.63
01-07-2012,São Paulo,299.39
01-08-2012,São Paulo,306.02
01-09-2012,São Paulo,309.08
01-10-2012,São Paulo,311.55
01-11-2012,São Paulo,299.26
01-12-2012,São Paulo,304.9
01-01-2013,São Paulo,318.4
01-02-2013,São Paulo,326.59
01-03-2013,São Paulo,336.26
01-04-2013,São Paulo,344.3
01-05-2013,São Paulo,342.05
01-06-2013,São Paulo,340.46
01-07-2013,São Paulo,327.44
01-08-2013,São Paulo,319.66
01-09-2013,São Paulo,312.07
01-10-2013,São Paulo,321.14
01-11-2013,São Paulo,325.56
01-12-2013,São Paulo,327.24
01-01-2014,São Paulo,323.47
01-02-2014,São Paulo,325.35
01-03-2014,São Paulo,351.46
01-04-2014,São Paulo,357.85
01-05-2014,São Paulo,366.54
01-06-2014,São Paulo,354.63
01-07-2014,São Paulo,345.42
01-08-2014,São Paulo,337.8
01-09-2014,São Paulo,333.12
01-10-2014,São Paulo,341.04
01-11-2014,São Paulo,347.96
01-12-2014,São Paulo,354.19
01-01-2015,São Paulo,371.22
01-02-2015,São Paulo,378.86
01-03-2015,São Paulo,379.35
01-04-2015,São Paulo,387.05
01-05-2015,São Paulo,402.05
01-06-2015,São Paulo,392.77
01-07-2015,São Paulo,395.83
01-08-2015,São Paulo,386.04
01-09-2015,São Paulo,383.21
01-10-2015,São Paulo,382.13
01-11-2015,São Paulo,399.21
01-12-2015,São Paulo,412.12
01-12-2015 (1),São Paulo,418.13
01-01-2016,São Paulo,448.31
01-02-2016,São Paulo,443.4
01-03-2016,São Paulo,444.11
01-04-2016,São Paulo,442.42
01-05-2016,São Paulo,449.7
01-06-2016,São Paulo,469.02
01-07-2016,São Paulo,475.27
01-08-2016,São Paulo,475.11
01-09-2016,São Paulo,471.57
01-10-2016,São Paulo,469.55
01-11-2016,São Paulo,450.39
01-12-2016,São Paulo,438.89
01-01-2017,São Paulo,435.89
01-02-2017,São Paulo,426.22
01-03-2017,São Paulo,435.34
01-04-2017,São Paulo,446.28
01-05-2017,São Paulo,458.93
01-06-2017,São Paulo,441.61
01-07-2017,São Paulo,445.83
01-08-2017,São Paulo,431.66
01-09-2017,São Paulo,421.02
01-10-2017,São Paulo,428.13
01-11-2017,São Paulo,423.23
01-12-2017,São Paulo,424.36
01-01-2018,São Paulo,439.2
01-02-2018,São Paulo,437.33
01-03-2018,São Paulo,437.84
01-04-2018,São Paulo,434.8
01-05-2018,São Paulo,441.16
01-06-2018,São Paulo,451.63
01-07-2018,São Paulo,437.42
01-08-2018,São Paulo,432.81
01-09-2018,São Paulo,432.83
01-10-2018,São Paulo,446.02
01-11-2018,São Paulo,471.37
01-12-2018,São Paulo,471.44
01-01-2019,São Paulo,467.65
01-02-2019,São Paulo,482.4
01-03-2019,São Paulo,509.11
01-04-2019,São Paulo,522.05
01-05-2019,São Paulo,507.07
01-06-2019,São Paulo,501.68
01-07-2019,São Paulo,493.16
01-08-2019,São Paulo,481.44
01-09-2019,São Paulo,473.85
01-10-2019,São Paulo,473.59
01-11-2019,São Paulo,465.81
01-12-2019,São Paulo,506.5
01-01-2020,São Paulo,517.51
01-02-2020,São Paulo,519.76
01-03-2020,São Paulo,518.5
01-04-2020,São Paulo,556.25
01-05-2020,São Paulo,556.36
01-06-2020,São Paulo,547.03
01-07-2020,São Paulo,524.74
01-08-2020,São Paulo,539.95
01-09-2020,São Paulo,563.35
01-10-2020,São Paulo,595.87
01-11-2020,São Paulo,629.18
01-12-2020,São Paulo,631.46
01-01-2021,São Paulo,654.15
01-02-2021,São Paulo,639.47
01-03-2021,São Paulo,626.0
01-04-2021,São Paulo,632.61
01-05-2021,São Paulo,636.4
01-06-2021,São Paulo,626.76
01-07-2021,São Paulo,640.51
01-08-2021,São Paulo,650.5
01-09-2021,São Paulo,673.45
01-10-2021,São Paulo,693.79
01-11-2021,São Paulo,692.27
01-12-2021,São Paulo,690.51
01-01-2022,São Paulo,713.86
01-02-2022,São Paulo,715.65
01-03-2022,São Paulo,761.19
01-04-2022,São Paulo,803.99
01-05-2022,São Paulo,777.93
01-06-2022,São Paulo,777.01
01-07-2022,São Paulo,760.45
01-08-2022,São Paulo,749.78
01-09-2022,São Paulo,750.74
01-10-2022,São Paulo,762.2
01-11-2022,São Paulo,782.68
01-12-2022,São Paulo,791.29
01-01-2023,São Paulo,790.57
01-02-2023,São Paulo,779.38
01-03-2023,São Paulo,782.23
01-04-2023,São Paulo,794.68
01-05-2023,São Paulo,791.82
01-06-2023,São Paulo,783.05
01-07-2023,São Paulo,769.95
01-08-2023,São Paulo,748.47
01-09-2023,São Paulo,734.77
01-10-2023,São Paulo,738.13
01-11-2023,São Paulo,749.28
01-12-2023,São Paulo,761.01
01-01-2024,São Paulo,793.39
01-02-2024,São Paulo,808.38
01-03-2024,São Paulo,813.26
01-04-2024,São Paulo,822.84
01-05-2024,São Paulo,826.85
01-06-2024,São Paulo,832.69
01-07-2024,São Paulo,809.77
01-08-2024,São Paulo,786.35
01-09-2024,São Paulo,792.47
01-10-2024,São Paulo,805.84
01-11-2024,São Paulo,828.39
01-12-2024,São Paulo,841.29
01-01-2025,São Paulo,851.82
01-02-2025,São Paulo,860.53
01-03-2025,São Paulo,880.72
01-01-2010,Vitória,217.2
01-02-2010,Vitória,224.74
01-03-2010,Vitória,232.23
01-04-2010,Vitória,244.07
01-05-2010,Vitória,242.85
01-06-2010,Vitória,231.12
01-07-2010,Vitória,222.27
01-08-2010,Vitória,217.96
01-09-2010,Vitória,225.35
01-10-2010,Vitória,231.26
01-11-2010,Vitória,246.75
01-12-2010,Vitória,242.0
01-01-2011,Vitória,250.26
01-02-2011,Vitória,246.31
01-03-2011,Vitória,258.32
01-04-2011,Vitória,256.12
01-05-2011,Vitória,260.59
01-06-2011,Vitória,256.14
01-07-2011,Vitória,250.76
01-08-2011,Vitória,249.58
01-09-2011,Vitória,249.6
01-10-2011,Vitória,251.98
01-11-2011,Vitória,263.91
01-12-2011,Vitória,275.39
01-01-2012,Vitória,271.16
01-02-2012,Vitória,267.19
01-03-2012,Vitória,260.23
01-04-2012,Vitória,262.14
01-05-2012,Vitória,271.16
01-06-2012,Vitória,277.7
01-07-2012,Vitória,290.8
01-08-2012,Vitória,298.6
01-09-2012,Vitória,300.71
01-10-2012,Vitória,293.83
01-11-2012,Vitória,295.31
01-12-2012,Vitória,290.89
01-01-2013,Vitória,315.38
01-02-2013,Vitória,313.4
01-03-2013,Vitória,332.24
01-04-2013,Vitória,328.94
01-05-2013,Vitória,325.87
01-06-2013,Vitória,315.63
01-07-2013,Vitória,310.73
01-08-2013,Vitória,310.03
01-09-2013,Vitória,301.55
01-10-2013,Vitória,313.78
01-11-2013,Vitória,321.41
01-12-2013,Vitória,321.39
01-01-2014,Vitória,327.13
01-02-2014,Vitória,328.43
01-03-2014,Vitória,343.7
01-04-2014,Vitória,351.27
01-05-2014,Vitória,352.76
01-06-2014,Vitória,345.98
01-07-2014,Vitória,330.71
01-08-2014,Vitória,329.13
01-09-2014,Vitória,328.33
01-10-2014,Vitória,329.19
01-11-2014,Vitória,331.34
01-12-2014,Vitória,333.15
01-01-2015,Vitória,348.3
01-02-2015,Vitória,354.85
01-03-2015,Vitória,363.62
01-04-2015,Vitória,376.46
01-05-2015,Vitória,387.92
01-06-2015,Vitória,367.94
01-07-2015,Vitória,368.01
01-08-2015,Vitória,358.0
01-09-2015,Vitória,361.54
01-10-2015,Vitória,357.3
01-11-2015,Vitória,378.91
01-12-2015,Vitória,384.99
01-12-2015 (1),Vitória,389.02
01-01-2016,Vitória,438.42
01-02-2016,Vitória,401.38
01-03-2016,Vitória,418.18
01-04-2016,Vitória,414.26
01-05-2016,Vitória,418.96
01-06-2016,Vitória,428.69
01-07-2016,Vitória,436.24
01-08-2016,Vitória,436.53
01-09-2016,Vitória,435.27
01-10-2016,Vitória,449.16
01-11-2016,Vitória,438.85
01-12-2016,Vitória,426.32
01-01-2017,Vitória,422.38
01-02-2017,Vitória,414.03
01-03-2017,Vitória,415.75
01-04-2017,Vitória,431.54
01-05-2017,Vitória,422.03
01-06-2017,Vitória,404.54
01-07-2017,Vitória,409.51
01-08-2017,Vitória,397.89
01-09-2017,Vitória,391.76
01-10-2017,Vitória,393.71
01-11-2017,Vitória,387.93
01-12-2017,Vitória,385.19
01-01-2018,Vitória,417.73
01-02-2018,Vitória,410.84
01-03-2018,Vitória,410.59
01-04-2018,Vitória,409.8
01-05-2018,Vitória,409.95
01-06-2018,Vitória,413.73
01-07-2018,Vitória,406.43
01-08-2018,Vitória,395.7
01-09-2018,Vitória,395.64
01-10-2018,Vitória,419.69
01-11-2018,Vitória,408.55
01-12-2018,Vitória,403.79
01-01-2019,Vitória,424.21
01-02-2019,Vitória,449.54
01-03-2019,Vitória,475.84
01-04-2019,Vitória,498.54
01-05-2019,Vitória,484.84
01-06-2019,Vitória,485.34
01-07-2019,Vitória,466.93
01-08-2019,Vitória,441.5
01-09-2019,Vitória,429.06
01-10-2019,Vitória,428.25
01-11-2019,Vitória,462.06
01-12-2019,Vitória,499.23
01-01-2020,Vitória,492.2
01-02-2020,Vitória,480.03
01-03-2020,Vitória,504.78
01-04-2020,Vitória,537.89
01-05-2020,Vitória,536.73
01-06-2020,Vitória,500.01
01-07-2020,Vitória,484.8
01-08-2020,Vitória,509.45
01-09-2020,Vitória,539.36
01-10-2020,Vitória,552.85
01-11-2020,Vitória,606.59
01-12-2020,Vitória,600.28
01-01-2021,Vitória,624.62
01-02-2021,Vitória,609.27
01-03-2021,Vitória,596.91
01-04-2021,Vitória,610.98
01-05-2021,Vitória,616.96
01-06-2021,Vitória,611.29
01-07-2021,Vitória,612.45
01-08-2021,Vitória,618.96
01-09-2021,Vitória,633.03
01-10-2021,Vitória,670.99
01-11-2021,Vitória,668.17
01-12-2021,Vitória,662.01
01-01-2022,Vitória,677.54
01-02-2022,Vitória,682.54
01-03-2022,Vitória,704.93
01-04-2022,Vitória,729.31
01-05-2022,Vitória,698.24
01-06-2022,Vitória,692.84
01-07-2022,Vitória,700.75
01-08-2022,Vitória,697.39
01-09-2022,Vitória,686.26
01-10-2022,Vitória,707.78
01-11-2022,Vitória,713.57
01-12-2022,Vitória,728.78
01-01-2023,Vitória,726.23
01-02-2023,Vitória,709.21
01-03-2023,Vitória,699.16
01-04-2023,Vitória,703.9
01-05-2023,Vitória,706.06
01-06-2023,Vitória,691.34
01-07-2023,Vitória,674.54
01-08-2023,Vitória,660.88
01-09-2023,Vitória,681.91
01-10-2023,Vitória,675.16
01-11-2023,Vitória,675.45
01-12-2023,Vitória,688.86
01-01-2024,Vitória,719.3
01-02-2024,Vitória,731.83
01-03-2024,Vitória,729.34
01-04-2024,Vitória,726.82
01-05-2024,Vitória,723.91
01-06-2024,Vitória,718.43
01-07-2024,Vitória,688.45
01-08-2024,Vitória,684.21
01-09-2024,Vitória,694.87
01-10-2024,Vitória,708.06
01-11-2024,Vitória,726.51
01-12-2024,Vitória,747.42
01-01-2025,Vitória,735.31
01-02-2025,Vitória,745.49
01-03-2025,Vitória,762.94
01-01-2010,Curitiba,211.99
01-02-2010,Curitiba,215.61
01-03-2010,Curitiba,231.3
01-04-2010,Curitiba,238.71
01-05-2010,Curitiba,233.49
01-06-2010,Curitiba,227.14
01-07-2010,Curitiba,216.11
01-08-2010,Curitiba,214.57
01-09-2010,Curitiba,219.28
01-10-2010,Curitiba,231.96
01-11-2010,Curitiba,239.06
01-12-2010,Curitiba,243.97
01-01-2011,Curitiba,237.17
01-02-2011,Curitiba,245.15
01-03-2011,Curitiba,248.42
01-04-2011,Curitiba,246.53
01-05-2011,Curitiba,245.98
01-06-2011,Curitiba,247.03
01-07-2011,Curitiba,238.77
01-08-2011,Curitiba,244.0
01-09-2011,Curitiba,242.07
01-10-2011,Curitiba,245.97
01-11-2011,Curitiba,253.19
01-12-2011,Curitiba,248.63
01-01-2012,Curitiba,256.52
01-02-2012,Curitiba,246.15
01-03-2012,Curitiba,246.11
01-04-2012,Curitiba,249.36
01-05-2012,Curitiba,255.32
01-06-2012,Curitiba,262.01
01-07-2012,Curitiba,268.0
01-08-2012,Curitiba,280.57
01-09-2012,Curitiba,280.42
01-10-2012,Curitiba,282.97
01-11-2012,Curitiba,270.84
01-12-2012,Curitiba,271.31
01-01-2013,Curitiba,285.94
01-02-2013,Curitiba,293.25
01-03-2013,Curitiba,294.78
01-04-2013,Curitiba,296.69
01-05-2013,Curitiba,297.92
01-06-2013,Curitiba,294.5
01-07-2013,Curitiba,279.66
01-08-2013,Curitiba,281.31
01-09-2013,Curitiba,283.18
01-10-2013,Curitiba,296.76
01-11-2013,Curitiba,297.71
01-12-2013,Curitiba,301.32
01-01-2014,Curitiba,294.06
01-02-2014,Curitiba,293.49
01-03-2014,Curitiba,329.55
01-04-2014,Curitiba,335.73
01-05-2014,Curitiba,341.2
01-06-2014,Curitiba,332.3
01-07-2014,Curitiba,308.66
01-08-2014,Curitiba,303.28
01-09-2014,Curitiba,301.08
01-10-2014,Curitiba,314.25
01-11-2014,Curitiba,319.26
01-12-2014,Curitiba,315.84
01-01-2015,Curitiba,335.82
01-02-2015,Curitiba,341.64
01-03-2015,Curitiba,349.69
01-04-2015,Curitiba,359.39
01-05-2015,Curitiba,364.8
01-06-2015,Curitiba,359.69
01-07-2015,Curitiba,360.28
01-08-2015,Curitiba,354.94
01-09-2015,Curitiba,356.51
01-10-2015,Curitiba,349.93
01-11-2015,Curitiba,375.26
01-12-2015,Curitiba,387.79
01-12-2015 (1),Curitiba,391.78
01-01-2016,Curitiba,398.46
01-02-2016,Curitiba,392.75
01-03-2016,Curitiba,400.78
01-04-2016,Curitiba,396.34
01-05-2016,Curitiba,410.05
01-06-2016,Curitiba,416.49
01-07-2016,Curitiba,420.24
01-08-2016,Curitiba,431.14
01-09-2016,Curitiba,424.87
01-10-2016,Curitiba,432.98
01-11-2016,Curitiba,421.37
01-12-2016,Curitiba,409.86
01-01-2017,Curitiba,397.69
01-02-2017,Curitiba,387.27
01-03-2017,Curitiba,389.52
01-04-2017,Curitiba,404.55
01-05-2017,Curitiba,403.51
01-06-2017,Curitiba,394.49
01-07-2017,Curitiba,399.0
01-08-2017,Curitiba,385.11
01-09-2017,Curitiba,376.46
01-10-2017,Curitiba,388.06
01-11-2017,Curitiba,381.26
01-12-2017,Curitiba,374.94
01-01-2018,Curitiba,399.72
01-02-2018,Curitiba,392.91
01-03-2018,Curitiba,401.65
01-04-2018,Curitiba,394.07
01-05-2018,Curitiba,397.17
01-06-2018,Curitiba,412.44
01-07-2018,Curitiba,391.32
01-08-2018,Curitiba,389.15
01-09-2018,Curitiba,387.39
01-10-2018,Curitiba,406.42
01-11-2018,Curitiba,416.41
01-12-2018,Curitiba,419.05
01-01-2019,Curitiba,401.63
01-02-2019,Curitiba,414.03
01-03-2019,Curitiba,443.86
01-04-2019,Curitiba,461.91
01-05-2019,Curitiba,451.38
01-06-2019,Curitiba,446.54
01-07-2019,Curitiba,443.68
01-08-2019,Curitiba,441.28
01-09-2019,Curitiba,424.81
01-10-2019,Curitiba,421.86
01-11-2019,Curitiba,413.63
01-12-2019,Curitiba,458.88
01-01-2020,Curitiba,452.32
01-02-2020,Curitiba,447.91
01-03-2020,Curitiba,465.47
01-04-2020,Curitiba,511.23
01-05-2020,Curitiba,531.27
01-06-2020,Curitiba,506.04
01-07-2020,Curitiba,526.14
01-08-2020,Curitiba,505.54
01-09-2020,Curitiba,524.25
01-10-2020,Curitiba,521.12
01-11-2020,Curitiba,547.29
01-12-2020,Curitiba,540.36
01-01-2021,Curitiba,559.73
01-02-2021,Curitiba,572.77
01-03-2021,Curitiba,577.17
01-04-2021,Curitiba,583.61
01-05-2021,Curitiba,608.89
01-06-2021,Curitiba,618.57
01-07-2021,Curitiba,619.83
01-08-2021,Curitiba,600.47
01-09-2021,Curitiba,610.85
01-10-2021,Curitiba,639.89
01-11-2021,Curitiba,638.96
01-12-2021,Curitiba,628.46
01-01-2022,Curitiba,636.57
01-02-2022,Curitiba,652.9
01-03-2022,Curitiba,701.59
01-04-2022,Curitiba,739.28
01-05-2022,Curitiba,713.68
01-06-2022,Curitiba,701.26
01-07-2022,Curitiba,688.78
01-08-2022,Curitiba,685.69
01-09-2022,Curitiba,678.73
01-10-2022,Curitiba,696.31
01-11-2022,Curitiba,709.84
01-12-2022,Curitiba,698.66
01-01-2023,Curitiba,695.18
01-02-2023,Curitiba,678.9
01-03-2023,Curitiba,679.76
01-04-2023,Curitiba,694.05
01-05-2023,Curitiba,703.83
01-06-2023,Curitiba,701.22
01-07-2023,Curitiba,690.31
01-08-2023,Curitiba,685.13
01-09-2023,Curitiba,681.23
01-10-2023,Curitiba,675.01
01-11-2023,Curitiba,683.44
01-12-2023,Curitiba,697.22
01-01-2024,Curitiba,726.23
01-02-2024,Curitiba,731.5
01-03-2024,Curitiba,728.06
01-04-2024,Curitiba,726.64
01-05-2024,Curitiba,741.46
01-06-2024,Curitiba,754.91
01-07-2024,Curitiba,718.32
01-08-2024,Curitiba,697.08
01-09-2024,Curitiba,698.44
01-10-2024,Curitiba,726.62
01-11-2024,Curitiba,739.4
01-12-2024,Curitiba,741.9
01-01-2025,Curitiba,743.69
01-02-2025,Curitiba,745.88
01-03-2025,Curitiba,772.83
01-01-2010,Florianópolis,213.23
01-02-2010,Florianópolis,217.59
01-03-2010,Florianópolis,229.8
01-04-2010,Florianópolis,239.67
01-05-2010,Florianópolis,235.89
01-06-2010,Florianópolis,232.46
01-07-2010,Florianópolis,221.42
01-08-2010,Florianópolis,221.24
01-09-2010,Florianópolis,223.73
01-10-2010,Florianópolis,230.85
01-11-2010,Florianópolis,238.98
01-12-2010,Florianópolis,238.14
01-01-2011,Florianópolis,246.58
01-02-2011,Florianópolis,241.47
01-03-2011,Florianópolis,250.28
01-04-2011,Florianópolis,252.55
01-05-2011,Florianópolis,255.12
01-06-2011,Florianópolis,266.44
01-07-2011,Florianópolis,254.84
01-08-2011,Florianópolis,260.0
01-09-2011,Florianópolis,260.33
01-10-2011,Florianópolis,260.99
01-11-2011,Florianópolis,268.57
01-12-2011,Florianópolis,262.44
01-01-2012,Florianópolis,271.64
01-02-2012,Florianópolis,255.88
01-03-2012,Florianópolis,255.52
01-04-2012,Florianópolis,257.9
01-05-2012,Florianópolis,255.29
01-06-2012,Florianópolis,260.12
01-07-2012,Florianópolis,266.38
01-08-2012,Florianópolis,295.48
01-09-2012,Florianópolis,310.92
01-10-2012,Florianópolis,282.8
01-11-2012,Florianópolis,283.68
01-12-2012,Florianópolis,290.05
01-01-2013,Florianópolis,309.21
01-02-2013,Florianópolis,314.46
01-03-2013,Florianópolis,307.37
01-04-2013,Florianópolis,311.41
01-05-2013,Florianópolis,306.54
01-06-2013,Florianópolis,307.44
01-07-2013,Florianópolis,284.03
01-08-2013,Florianópolis,284.33
01-09-2013,Florianópolis,281.08
01-10-2013,Florianópolis,288.36
01-11-2013,Florianópolis,296.07
01-12-2013,Florianópolis,319.33
01-01-2014,Florianópolis,322.7
01-02-2014,Florianópolis,330.75
01-03-2014,Florianópolis,345.63
01-04-2014,Florianópolis,351.66
01-05-2014,Florianópolis,350.31
01-06-2014,Florianópolis,353.76
01-07-2014,Florianópolis,346.99
01-08-2014,Florianópolis,340.62
01-09-2014,Florianópolis,340.76
01-10-2014,Florianópolis,353.18
01-11-2014,Florianópolis,346.61
01-12-2014,Florianópolis,353.1
01-01-2015,Florianópolis,360.64
01-02-2015,Florianópolis,359.76
01-03-2015,Florianópolis,358.14
01-04-2015,Florianópolis,368.32
01-05-2015,Florianópolis,394.29
01-06-2015,Florianópolis,386.1
01-07-2015,Florianópolis,376.69
01-08-2015,Florianópolis,372.79
01-09-2015,Florianópolis,383.1
01-10-2015,Florianópolis,378.45
01-11-2015,Florianópolis,391.85
01-12-2015,Florianópolis,414.12
01-12-2015 (1),Florianópolis,424.06
01-01-2016,Florianópolis,437.24
01-02-2016,Florianópolis,430.69
01-03-2016,Florianópolis,441.06
01-04-2016,Florianópolis,438.56
01-05-2016,Florianópolis,420.63
01-06-2016,Florianópolis,463.24
01-07-2016,Florianópolis,443.11
01-08-2016,Florianópolis,457.11
01-09-2016,Florianópolis,449.05
01-10-2016,Florianópolis,475.32
01-11-2016,Florianópolis,466.25
01-12-2016,Florianópolis,453.8
01-01-2017,Florianópolis,441.92
01-02-2017,Florianópolis,434.13
01-03-2017,Florianópolis,433.7
01-04-2017,Florianópolis,453.54
01-05-2017,Florianópolis,446.52
01-06-2017,Florianópolis,432.4
01-07-2017,Florianópolis,439.87
01-08-2017,Florianópolis,426.3
01-09-2017,Florianópolis,419.17
01-10-2017,Florianópolis,416.41
01-11-2017,Florianópolis,415.0
01-12-2017,Florianópolis,418.61
01-01-2018,Florianópolis,430.52
01-02-2018,Florianópolis,425.05
01-03-2018,Florianópolis,426.79
01-04-2018,Florianópolis,426.73
01-05-2018,Florianópolis,441.62
01-06-2018,Florianópolis,425.3
01-07-2018,Florianópolis,415.27
01-08-2018,Florianópolis,431.3
01-09-2018,Florianópolis,435.47
01-10-2018,Florianópolis,450.35
01-11-2018,Florianópolis,454.87
01-12-2018,Florianópolis,457.82
01-01-2019,Florianópolis,437.55
01-02-2019,Florianópolis,441.89
01-03-2019,Florianópolis,474.07
01-04-2019,Florianópolis,482.3
01-05-2019,Florianópolis,487.93
01-06-2019,Florianópolis,494.96
01-07-2019,Florianópolis,483.2
01-08-2019,Florianópolis,464.24
01-09-2019,Florianópolis,454.94
01-10-2019,Florianópolis,458.28
01-11-2019,Florianópolis,478.68
01-12-2019,Florianópolis,511.7
01-01-2020,Florianópolis,489.13
01-02-2020,Florianópolis,493.15
01-03-2020,Florianópolis,517.13
01-04-2020,Florianópolis,523.8
01-05-2020,Florianópolis,524.07
01-06-2020,Florianópolis,516.97
01-07-2020,Florianópolis,522.03
01-08-2020,Florianópolis,530.42
01-09-2020,Florianópolis,582.4
01-10-2020,Florianópolis,584.76
01-11-2020,Florianópolis,616.98
01-12-2020,Florianópolis,615.57
01-01-2021,Florianópolis,651.37
01-02-2021,Florianópolis,639.81
01-03-2021,Florianópolis,632.75
01-04-2021,Florianópolis,634.53
01-05-2021,Florianópolis,636.37
01-06-2021,Florianópolis,645.38
01-07-2021,Florianópolis,654.43
01-08-2021,Florianópolis,659.0
01-09-2021,Florianópolis,662.85
01-10-2021,Florianópolis,700.69
01-11-2021,Florianópolis,710.53
01-12-2021,Florianópolis,689.56
01-01-2022,Florianópolis,695.59
01-02-2022,Florianópolis,707.56
01-03-2022,Florianópolis,745.47
01-04-2022,Florianópolis,788.0
01-05-2022,Florianópolis,772.07
01-06-2022,Florianópolis,760.41
01-07-2022,Florianópolis,753.73
01-08-2022,Florianópolis,746.21
01-09-2022,Florianópolis,746.55
01-10-2022,Florianópolis,753.82
01-11-2022,Florianópolis,776.14
01-12-2022,Florianópolis,769.19
01-01-2023,Florianópolis,760.65
01-02-2023,Florianópolis,746.95
01-03-2023,Florianópolis,742.23
01-04-2023,Florianópolis,769.35
01-05-2023,Florianópolis,765.13
01-06-2023,Florianópolis,771.54
01-07-2023,Florianópolis,746.66
01-08-2023,Florianópolis,743.94
01-09-2023,Florianópolis,747.64
01-10-2023,Florianópolis,738.77
01-11-2023,Florianópolis,747.59
01-12-2023,Florianópolis,758.5
01-01-2024,Florianópolis,800.31
01-02-2024,Florianópolis,783.36
01-03-2024,Florianópolis,791.21
01-04-2024,Florianópolis,781.53
01-05-2024,Florianópolis,801.03
01-06-2024,Florianópolis,816.06
01-07-2024,Florianópolis,782.73
01-08-2024,Florianópolis,756.31
01-09-2024,Florianópolis,768.33
01-10-2024,Florianópolis,796.94
01-11-2024,Florianópolis,799.62
01-12-2024,Florianópolis,809.46
01-01-2025,Florianópolis,808.75
01-02-2025,Florianópolis,807.71
01-03-2025,Florianópolis,831.92
01-01-2010,Porto Alegre,236.55
01-02-2010,Porto Alegre,238.46
01-03-2010,Porto Alegre,257.07
01-04-2010,Porto Alegre,268.72
01-05-2010,Porto Alegre,256.86
01-06-2010,Porto Alegre,248.15
01-07-2010,Porto Alegre,237.67
01-08-2010,Porto Alegre,240.91
01-09-2010,Porto Alegre,243.73
01-10-2010,Porto Alegre,247.21
01-11-2010,Porto Alegre,249.78
01-12-2010,Porto Alegre,252.15
01-01-2011,Porto Alegre,254.7
01-02-2011,Porto Alegre,256.51
01-03-2011,Porto Alegre,261.13
01-04-2011,Porto Alegre,264.63
01-05-2011,Porto Alegre,265.7
01-06-2011,Porto Alegre,272.24
01-07-2011,Porto Alegre,259.6
01-08-2011,Porto Alegre,271.25
01-09-2011,Porto Alegre,272.09
01-10-2011,Porto Alegre,277.34
01-11-2011,Porto Alegre,279.64
01-12-2011,Porto Alegre,276.86
01-01-2012,Porto Alegre,274.63
01-02-2012,Porto Alegre,269.61
01-03-2012,Porto Alegre,264.19
01-04-2012,Porto Alegre,268.1
01-05-2012,Porto Alegre,272.45
01-06-2012,Porto Alegre,280.26
01-07-2012,Porto Alegre,299.96
01-08-2012,Porto Alegre,308.27
01-09-2012,Porto Alegre,311.44
01-10-2012,Porto Alegre,305.72
01-11-2012,Porto Alegre,286.83
01-12-2012,Porto Alegre,294.37
01-01-2013,Porto Alegre,309.33
01-02-2013,Porto Alegre,318.16
01-03-2013,Porto Alegre,321.95
01-04-2013,Porto Alegre,312.28
01-05-2013,Porto Alegre,323.17
01-06-2013,Porto Alegre,329.16
01-07-2013,Porto Alegre,305.91
01-08-2013,Porto Alegre,311.5
01-09-2013,Porto Alegre,311.34
01-10-2013,Porto Alegre,324.87
01-11-2013,Porto Alegre,328.72
01-12-2013,Porto Alegre,329.18
01-01-2014,Porto Alegre,321.05
01-02-2014,Porto Alegre,316.55
01-03-2014,Porto Alegre,356.17
01-04-2014,Porto Alegre,359.37
01-05-2014,Porto Alegre,366.0
01-06-2014,Porto Alegre,351.36
01-07-2014,Porto Alegre,330.69
01-08-2014,Porto Alegre,325.64
01-09-2014,Porto Alegre,327.65
01-10-2014,Porto Alegre,340.63
01-11-2014,Porto Alegre,342.62
01-12-2014,Porto Alegre,348.56
01-01-2015,Porto Alegre,361.11
01-02-2015,Porto Alegre,353.81
01-03-2015,Porto Alegre,360.01
01-04-2015,Porto Alegre,368.97
01-05-2015,Porto Alegre,384.57
01-06-2015,Porto Alegre,384.13
01-07-2015,Porto Alegre,383.22
01-08-2015,Porto Alegre,387.83
01-09-2015,Porto Alegre,385.7
01-10-2015,Porto Alegre,380.8
01-11-2015,Porto Alegre,404.62
01-12-2015,Porto Alegre,418.82
01-12-2015 (1),Porto Alegre,424.39
01-01-2016,Porto Alegre,432.64
01-02-2016,Porto Alegre,416.82
01-03-2016,Porto Alegre,420.9
01-04-2016,Porto Alegre,426.93
01-05-2016,Porto Alegre,443.46
01-06-2016,Porto Alegre,465.03
01-07-2016,Porto Alegre,468.78
01-08-2016,Porto Alegre,474.34
01-09-2016,Porto Alegre,477.69
01-10-2016,Porto Alegre,478.07
01-11-2016,Porto Alegre,469.04
01-12-2016,Porto Alegre,459.02
01-01-2017,Porto Alegre,453.67
01-02-2017,Porto Alegre,435.51
01-03-2017,Porto Alegre,437.22
01-04-2017,Porto Alegre,464.19
01-05-2017,Porto Alegre,460.65
01-06-2017,Porto Alegre,443.66
01-07-2017,Porto Alegre,453.56
01-08-2017,Porto Alegre,445.76
01-09-2017,Porto Alegre,436.68
01-10-2017,Porto Alegre,446.87
01-11-2017,Porto Alegre,444.16
01-12-2017,Porto Alegre,426.74
01-01-2018,Porto Alegre,446.69
01-02-2018,Porto Alegre,434.5
01-03-2018,Porto Alegre,434.7
01-04-2018,Porto Alegre,430.29
01-05-2018,Porto Alegre,437.73
01-06-2018,Porto Alegre,452.81
01-07-2018,Porto Alegre,435.02
01-08-2018,Porto Alegre,419.81
01-09-2018,Porto Alegre,423.01
01-10-2018,Porto Alegre,449.89
01-11-2018,Porto Alegre,463.09
01-12-2018,Porto Alegre,464.72
01-01-2019,Porto Alegre,441.65
01-02-2019,Porto Alegre,449.95
01-03-2019,Porto Alegre,479.53
01-04-2019,Porto Alegre,499.38
01-05-2019,Porto Alegre,496.13
01-06-2019,Porto Alegre,498.41
01-07-2019,Porto Alegre,493.22
01-08-2019,Porto Alegre,469.17
01-09-2019,Porto Alegre,458.29
01-10-2019,Porto Alegre,463.24
01-11-2019,Porto Alegre,453.82
01-12-2019,Porto Alegre,506.3
01-01-2020,Porto Alegre,502.98
01-02-2020,Porto Alegre,492.83
01-03-2020,Porto Alegre,497.88
01-04-2020,Porto Alegre,527.01
01-05-2020,Porto Alegre,518.63
01-06-2020,Porto Alegre,512.4
01-07-2020,Porto Alegre,511.22
01-08-2020,Porto Alegre,528.61
01-09-2020,Porto Alegre,552.86
01-10-2020,Porto Alegre,581.39
01-11-2020,Porto Alegre,617.03
01-12-2020,Porto Alegre,615.66
01-01-2021,Porto Alegre,626.25
01-02-2021,Porto Alegre,632.67
01-03-2021,Porto Alegre,623.37
01-04-2021,Porto Alegre,626.11
01-05-2021,Porto Alegre,636.96
01-06-2021,Porto Alegre,642.31
01-07-2021,Porto Alegre,656.92
01-08-2021,Porto Alegre,664.67
01-09-2021,Porto Alegre,672.39
01-10-2021,Porto Alegre,691.08
01-11-2021,Porto Alegre,685.32
01-12-2021,Porto Alegre,682.9
01-01-2022,Porto Alegre,673.0
01-02-2022,Porto Alegre,695.91
01-03-2022,Porto Alegre,734.28
01-04-2022,Porto Alegre,780.86
01-05-2022,Porto Alegre,768.76
01-06-2022,Porto Alegre,754.19
01-07-2022,Porto Alegre,752.84
01-08-2022,Porto Alegre,748.06
01-09-2022,Porto Alegre,743.94
01-10-2022,Porto Alegre,768.82
01-11-2022,Porto Alegre,781.52
01-12-2022,Porto Alegre,765.63
01-01-2023,Porto Alegre,757.33
01-02-2023,Porto Alegre,741.3
01-03-2023,Porto Alegre,746.12
01-04-2023,Porto Alegre,783.55
01-05-2023,Porto Alegre,781.56
01-06-2023,Porto Alegre,773.56
01-07-2023,Porto Alegre,777.16
01-08-2023,Porto Alegre,760.59
01-09-2023,Porto Alegre,741.71
01-10-2023,Porto Alegre,739.21
01-11-2023,Porto Alegre,739.18
01-12-2023,Porto Alegre,766.53
01-01-2024,Porto Alegre,791.16
01-02-2024,Porto Alegre,796.81
01-03-2024,Porto Alegre,777.43
01-04-2024,Porto Alegre,775.63
01-05-2024,Porto Alegre,801.45
01-06-2024,Porto Alegre,804.86
01-07-2024,Porto Alegre,769.96
01-08-2024,Porto Alegre,740.82
01-09-2024,Porto Alegre,756.17
01-10-2024,Porto Alegre,774.32
01-11-2024,Porto Alegre,780.71
01-12-2024,Porto Alegre,783.72
01-01-2025,Porto Alegre,770.63
01-02-2025,Porto Alegre,769.74
01-03-2025,Porto Alegre,791.64
01-01-2010,Belém,204.62
01-02-2010,Belém,204.93
01-03-2010,Belém,215.72
01-04-2010,Belém,227.04
01-05-2010,Belém,221.74
01-06-2010,Belém,215.22
01-07-2010,Belém,215.32
01-08-2010,Belém,207.97
01-09-2010,Belém,211.31
01-10-2010,Belém,219.57
01-11-2010,Belém,224.0
01-12-2010,Belém,226.09
01-01-2011,Belém,228.55
01-02-2011,Belém,228.94
01-03-2011,Belém,232.76
01-04-2011,Belém,231.4
01-05-2011,Belém,229.62
01-06-2011,Belém,232.63
01-07-2011,Belém,233.14
01-08-2011,Belém,235.66
01-09-2011,Belém,235.75
01-10-2011,Belém,237.85
01-11-2011,Belém,242.82
01-12-2011,Belém,243.75
01-01-2012,Belém,248.77
01-02-2012,Belém,248.84
01-03-2012,Belém,245.07
01-04-2012,Belém,248.41
01-05-2012,Belém,250.61
01-06-2012,Belém,252.97
01-07-2012,Belém,259.89
01-08-2012,Belém,262.33
01-09-2012,Belém,262.4
01-10-2012,Belém,268.58
01-11-2012,Belém,270.22
01-12-2012,Belém,271.58
01-01-2013,Belém,280.51
01-02-2013,Belém,286.7
01-03-2013,Belém,291.86
01-04-2013,Belém,307.18
01-05-2013,Belém,308.77
01-06-2013,Belém,309.01
01-07-2013,Belém,299.07
01-08-2013,Belém,296.11
01-09-2013,Belém,292.35
01-10-2013,Belém,293.2
01-11-2013,Belém,296.05
01-12-2013,Belém,296.34
01-01-2014,Belém,296.39
01-02-2014,Belém,298.86
01-03-2014,Belém,308.45
01-04-2014,Belém,310.91
01-05-2014,Belém,315.08
01-06-2014,Belém,318.46
01-07-2014,Belém,308.37
01-08-2014,Belém,301.52
01-09-2014,Belém,298.68
01-10-2014,Belém,298.64
01-11-2014,Belém,302.28
01-12-2014,Belém,307.63
01-01-2015,Belém,310.78
01-02-2015,Belém,314.89
01-03-2015,Belém,320.02
01-04-2015,Belém,322.81
01-05-2015,Belém,338.92
01-06-2015,Belém,356.24
01-07-2015,Belém,339.27
01-08-2015,Belém,334.45
01-09-2015,Belém,319.2
01-10-2015,Belém,321.72
01-11-2015,Belém,325.69
01-12-2015,Belém,351.38
01-12-2015 (1),Belém,351.94
01-01-2016,Belém,374.5
01-02-2016,Belém,406.86
01-03-2016,Belém,413.87
01-04-2016,Belém,412.51
01-05-2016,Belém,402.97
01-06-2016,Belém,419.28
01-07-2016,Belém,416.75
01-08-2016,Belém,421.33
01-09-2016,Belém,424.43
01-10-2016,Belém,425.03
01-11-2016,Belém,415.86
01-12-2016,Belém,410.71
01-01-2017,Belém,406.4
01-02-2017,Belém,395.57
01-03-2017,Belém,394.21
01-04-2017,Belém,398.12
01-05-2017,Belém,402.76
01-06-2017,Belém,393.01
01-07-2017,Belém,388.67
01-08-2017,Belém,375.82
01-09-2017,Belém,369.89
01-10-2017,Belém,367.03
01-11-2017,Belém,358.74
01-12-2017,Belém,356.67
01-01-2018,Belém,366.99
01-02-2018,Belém,379.36
01-03-2018,Belém,367.06
01-04-2018,Belém,366.19
01-05-2018,Belém,367.56
01-06-2018,Belém,381.65
01-07-2018,Belém,361.11
01-08-2018,Belém,360.3
01-09-2018,Belém,359.51
01-10-2018,Belém,361.7
01-11-2018,Belém,372.24
01-12-2018,Belém,382.31
01-01-2019,Belém,384.78
01-02-2019,Belém,383.76
01-03-2019,Belém,408.67
01-04-2019,Belém,423.17
01-05-2019,Belém,418.05
01-06-2019,Belém,407.67
01-07-2019,Belém,403.35
01-08-2019,Belém,393.94
01-09-2019,Belém,382.11
01-10-2019,Belém,377.37
01-11-2019,Belém,381.28
01-12-2019,Belém,414.13
01-01-2020,Belém,415.56
01-02-2020,Belém,432.95
01-03-2020,Belém,418.8
01-04-2020,Belém,434.19
01-05-2020,Belém,453.36
01-06-2020,Belém,453.87
01-07-2020,Belém,440.99
01-08-2020,Belém,441.51
01-09-2020,Belém,459.21
01-10-2020,Belém,468.22
01-11-2020,Belém,486.5
01-12-2020,Belém,500.89
01-01-2021,Belém,507.31
01-02-2021,Belém,512.95
01-03-2021,Belém,515.77
01-04-2021,Belém,505.87
01-05-2021,Belém,515.84
01-06-2021,Belém,518.53
01-07-2021,Belém,522.66
01-08-2021,Belém,530.13
01-09-2021,Belém,532.56
01-10-2021,Belém,538.44
01-11-2021,Belém,550.64
01-12-2021,Belém,556.87
01-01-2022,Belém,563.97
01-02-2022,Belém,574.86
01-03-2022,Belém,585.91
01-04-2022,Belém,610.31
01-05-2022,Belém,628.58
01-06-2022,Belém,632.26
01-07-2022,Belém,633.14
01-08-2022,Belém,634.85
01-09-2022,Belém,622.46
01-10-2022,Belém,615.22
01-11-2022,Belém,624.29
01-12-2022,Belém,639.44
01-01-2023,Belém,654.81
01-02-2023,Belém,662.98
01-03-2023,Belém,664.54
01-04-2023,Belém,660.77
01-05-2023,Belém,669.8
01-06-2023,Belém,659.89
01-07-2023,Belém,650.42
01-08-2023,Belém,640.11
01-09-2023,Belém,633.53
01-10-2023,Belém,632.92
01-11-2023,Belém,635.18
01-12-2023,Belém,645.44
01-01-2024,Belém,656.78
01-02-2024,Belém,665.12
01-03-2024,Belém,667.53
01-04-2024,Belém,681.45
01-05-2024,Belém,690.98
01-06-2024,Belém,695.58
01-07-2024,Belém,682.39
01-08-2024,Belém,664.92
01-09-2024,Belém,647.79
01-10-2024,Belém,649.9
01-11-2024,Belém,663.02
01-12-2024,Belém,665.83
01-01-2025,Belém,697.81
01-02-2025,Belém,700.06
01-03-2025,Belém,704.9
01-12-2015 (1),Boa Vista,363.9
01-01-2016,Boa Vista,389.93
01-02-2016,Boa Vista,403.83
01-03-2016,Boa Vista,375.37
01-04-2016,Boa Vista,384.82
01-05-2016,Boa Vista,396.88
01-06-2016,Boa Vista,409.97
01-07-2016,Boa Vista,442.83
01-08-2016,Boa Vista,441.6
01-09-2016,Boa Vista,444.04
01-10-2016,Boa Vista,441.05
01-11-2016,Boa Vista,408.63
01-12-2016,Boa Vista,395.69
01-01-2017,Boa Vista,380.09
01-02-2017,Boa Vista,367.34
01-03-2017,Boa Vista,371.49
01-04-2017,Boa Vista,388.99
01-05-2017,Boa Vista,387.98
01-06-2017,Boa Vista,383.99
01-07-2017,Boa Vista,372.23
01-08-2017,Boa Vista,377.45
01-12-2015 (1),Macapá,341.77
01-01-2016,Macapá,354.21
01-02-2016,Macapá,385.85
01-03-2016,Macapá,372.52
01-04-2016,Macapá,380.78
01-05-2016,Macapá,378.35
01-06-2016,Macapá,387.44
01-07-2016,Macapá,393.72
01-08-2016,Macapá,405.18
01-09-2016,Macapá,384.2
01-10-2016,Macapá,379.32
01-11-2016,Macapá,379.82
01-12-2016,Macapá,370.27
01-01-2017,Macapá,365.41
01-02-2017,Macapá,358.78
01-03-2017,Macapá,362.13
01-04-2017,Macapá,368.29
01-05-2017,Macapá,369.38
01-06-2017,Macapá,370.95
01-07-2017,Macapá,365.49
01-08-2017,Macapá,359.61
01-01-2010,Manaus,216.53
01-02-2010,Manaus,223.9
01-03-2010,Manaus,231.31
01-04-2010,Manaus,241.52
01-05-2010,Manaus,249.39
01-06-2010,Manaus,236.57
01-07-2010,Manaus,233.0
01-08-2010,Manaus,226.26
01-09-2010,Manaus,228.76
01-10-2010,Manaus,229.28
01-11-2010,Manaus,250.56
01-12-2010,Manaus,252.06
01-01-2011,Manaus,255.8
01-02-2011,Manaus,252.75
01-03-2011,Manaus,251.38
01-04-2011,Manaus,247.92
01-05-2011,Manaus,245.54
01-06-2011,Manaus,250.3
01-07-2011,Manaus,249.49
01-08-2011,Manaus,248.1
01-09-2011,Manaus,249.38
01-10-2011,Manaus,251.58
01-11-2011,Manaus,258.32
01-12-2011,Manaus,255.79
01-01-2012,Manaus,258.52
01-02-2012,Manaus,252.93
01-03-2012,Manaus,257.41
01-04-2012,Manaus,267.19
01-05-2012,Manaus,272.86
01-06-2012,Manaus,273.73
01-07-2012,Manaus,279.06
01-08-2012,Manaus,280.81
01-09-2012,Manaus,287.82
01-10-2012,Manaus,298.22
01-11-2012,Manaus,284.85
01-12-2012,Manaus,290.27
01-01-2013,Manaus,301.73
01-02-2013,Manaus,314.18
01-03-2013,Manaus,328.49
01-04-2013,Manaus,339.64
01-05-2013,Manaus,322.98
01-06-2013,Manaus,316.29
01-07-2013,Manaus,310.52
01-08-2013,Manaus,305.78
01-09-2013,Manaus,304.33
01-10-2013,Manaus,300.59
01-11-2013,Manaus,307.39
01-12-2013,Manaus,307.71
01-01-2014,Manaus,323.22
01-02-2014,Manaus,312.09
01-03-2014,Manaus,308.19
01-04-2014,Manaus,309.66
01-05-2014,Manaus,313.12
01-06-2014,Manaus,332.15
01-07-2014,Manaus,326.85
01-08-2014,Manaus,301.72
01-09-2014,Manaus,302.49
01-10-2014,Manaus,306.69
01-11-2014,Manaus,311.42
01-12-2014,Manaus,320.7
01-01-2015,Manaus,317.84
01-02-2015,Manaus,321.29
01-03-2015,Manaus,337.11
01-04-2015,Manaus,331.28
01-05-2015,Manaus,343.78
01-06-2015,Manaus,352.35
01-07-2015,Manaus,340.84
01-08-2015,Manaus,340.59
01-09-2015,Manaus,335.73
01-10-2015,Manaus,337.42
01-11-2015,Manaus,352.87
01-12-2015,Manaus,357.29
01-12-2015 (1),Manaus,367.79
01-01-2016,Manaus,405.72
01-02-2016,Manaus,437.86
01-03-2016,Manaus,381.52
01-04-2016,Manaus,383.72
01-05-2016,Manaus,386.08
01-06-2016,Manaus,384.0
01-07-2016,Manaus,404.22
01-08-2016,Manaus,401.5
01-09-2016,Manaus,401.44
01-10-2016,Manaus,409.88
01-11-2016,Manaus,394.21
01-12-2016,Manaus,395.08
01-01-2017,Manaus,395.79
01-02-2017,Manaus,375.44
01-03-2017,Manaus,371.93
01-04-2017,Manaus,373.98
01-05-2017,Manaus,374.92
01-06-2017,Manaus,368.09
01-07-2017,Manaus,361.44
01-08-2017,Manaus,357.97
01-09-2017,Manaus,355.47
01-10-2017,Manaus,349.19
01-11-2017,Manaus,345.66
01-12-2017,Manaus,347.47
01-01-2018,Manaus,356.48
01-02-2018,Manaus,357.05
01-03-2018,Manaus,358.28
01-04-2018,Manaus,360.65
01-05-2018,Manaus,357.71
01-06-2018,Manaus,367.89
01-07-2018,Manaus,355.17
01-08-2018,Manaus,360.17
01-12-2015 (1),Palmas,346.02
01-01-2016,Palmas,395.31
01-02-2016,Palmas,364.49
01-03-2016,Palmas,376.93
01-04-2016,Palmas,365.75
01-05-2016,Palmas,369.86
01-06-2016,Palmas,392.05
01-07-2016,Palmas,404.27
01-08-2016,Palmas,410.84
01-09-2016,Palmas,411.86
01-10-2016,Palmas,404.6
01-11-2016,Palmas,390.48
01-12-2016,Palmas,383.09
01-01-2017,Palmas,377.72
01-02-2017,Palmas,370.0
01-03-2017,Palmas,373.56
01-04-2017,Palmas,392.85
01-05-2017,Palmas,376.15
01-06-2017,Palmas,362.85
01-07-2017,Palmas,369.41
01-12-2015 (1),Porto Velho,347.47
01-01-2016,Porto Velho,365.79
01-02-2016,Porto Velho,359.68
01-03-2016,Porto Velho,354.29
01-04-2016,Porto Velho,354.21
01-05-2016,Porto Velho,360.81
01-06-2016,Porto Velho,390.22
01-07-2016,Porto Velho,388.05
01-08-2016,Porto Velho,395.84
01-09-2016,Porto Velho,389.22
01-10-2016,Porto Velho,397.71
01-11-2016,Porto Velho,387.71
01-12-2016,Porto Velho,377.69
01-01-2017,Porto Velho,373.43
01-02-2017,Porto Velho,365.89
01-03-2017,Porto Velho,372.96
01-04-2017,Porto Velho,383.96
01-05-2017,Porto Velho,385.76
01-06-2017,Porto Velho,381.14
01-07-2017,Porto Velho,385.17
01-08-2017,Porto Velho,376.84
01-12-2015 (1),Rio Branco,310.96
01-01-2016,Rio Branco,341.53
01-02-2016,Rio Branco,349.22
01-03-2016,Rio Branco,342.66
01-04-2016,Rio Branco,343.86
01-05-2016,Rio Branco,335.31
01-06-2016,Rio Branco,358.88
01-07-2016,Rio Branco,371.94
01-08-2016,Rio Branco,377.16
01-09-2016,Rio Branco,372.13
01-10-2016,Rio Branco,379.34
01-11-2016,Rio Branco,380.74
01-12-2016,Rio Branco,384.44
01-01-2017,Rio Branco,335.15
01-02-2017,Rio Branco,330.58
01-03-2017,Rio Branco,323.34
01-04-2017,Rio Branco,333.18
01-05-2017,Rio Branco,333.15
01-06-2017,Rio Branco,333.35
01-07-2017,Rio Branco,332.06
01-01-2010,Aracaju,169.13
01-02-2010,Aracaju,169.57
01-03-2010,Aracaju,181.7
01-04-2010,Aracaju,184.97
01-05-2010,Aracaju,187.1
01-06-2010,Aracaju,184.17
01-07-2010,Aracaju,181.04
01-08-2010,Aracaju,174.96
01-09-2010,Aracaju,173.56
01-10-2010,Aracaju,172.4
01-11-2010,Aracaju,179.78
01-12-2010,Aracaju,175.88
01-01-2011,Aracaju,182.76
01-02-2011,Aracaju,190.66
01-03-2011,Aracaju,192.35
01-04-2011,Aracaju,185.88
01-05-2011,Aracaju,186.67
01-06-2011,Aracaju,183.24
01-07-2011,Aracaju,184.01
01-08-2011,Aracaju,187.73
01-09-2011,Aracaju,183.61
01-10-2011,Aracaju,182.68
01-11-2011,Aracaju,181.79
01-12-2011,Aracaju,182.22
01-01-2012,Aracaju,187.88
01-02-2012,Aracaju,188.59
01-03-2012,Aracaju,192.41
01-04-2012,Aracaju,192.52
01-05-2012,Aracaju,199.26
01-06-2012,Aracaju,199.7
01-07-2012,Aracaju,208.14
01-08-2012,Aracaju,212.99
01-09-2012,Aracaju,207.8
01-10-2012,Aracaju,206.03
01-11-2012,Aracaju,205.63
01-12-2012,Aracaju,204.06
01-01-2013,Aracaju,231.8
01-02-2013,Aracaju,238.4
01-03-2013,Aracaju,245.94
01-04-2013,Aracaju,247.72
01-05-2013,Aracaju,240.72
01-06-2013,Aracaju,248.07
01-07-2013,Aracaju,239.36
01-08-2013,Aracaju,233.19
01-09-2013,Aracaju,220.68
01-10-2013,Aracaju,222.55
01-11-2013,Aracaju,218.71
01-12-2013,Aracaju,216.78
01-01-2014,Aracaju,214.19
01-02-2014,Aracaju,225.57
01-03-2014,Aracaju,225.82
01-04-2014,Aracaju,238.04
01-05-2014,Aracaju,241.72
01-06-2014,Aracaju,247.64
01-07-2014,Aracaju,239.72
01-08-2014,Aracaju,230.52
01-09-2014,Aracaju,233.18
01-10-2014,Aracaju,232.82
01-11-2014,Aracaju,241.72
01-12-2014,Aracaju,245.7
01-01-2015,Aracaju,264.84
01-02-2015,Aracaju,264.67
01-03-2015,Aracaju,273.21
01-04-2015,Aracaju,281.61
01-05-2015,Aracaju,277.16
01-06-2015,Aracaju,275.42
01-07-2015,Aracaju,285.44
01-08-2015,Aracaju,283.02
01-09-2015,Aracaju,280.26
01-10-2015,Aracaju,282.87
01-11-2015,Aracaju,291.8
01-12-2015,Aracaju,296.82
01-12-2015 (1),Aracaju,305.75
01-01-2016,Aracaju,350.73
01-02-2016,Aracaju,362.09
01-03-2016,Aracaju,349.32
01-04-2016,Aracaju,348.24
01-05-2016,Aracaju,344.83
01-06-2016,Aracaju,376.73
01-07-2016,Aracaju,379.29
01-08-2016,Aracaju,370.7
01-09-2016,Aracaju,372.29
01-10-2016,Aracaju,378.17
01-11-2016,Aracaju,368.52
01-12-2016,Aracaju,349.68
01-01-2017,Aracaju,357.32
01-02-2017,Aracaju,344.72
01-03-2017,Aracaju,351.81
01-04-2017,Aracaju,363.87
01-05-2017,Aracaju,371.0
01-06-2017,Aracaju,365.55
01-07-2017,Aracaju,364.27
01-08-2017,Aracaju,353.85
01-09-2017,Aracaju,344.16
01-10-2017,Aracaju,340.37
01-11-2017,Aracaju,341.09
01-12-2017,Aracaju,340.02
01-01-2018,Aracaju,349.97
01-02-2018,Aracaju,341.59
01-03-2018,Aracaju,339.77
01-04-2018,Aracaju,342.39
01-05-2018,Aracaju,349.29
01-06-2018,Aracaju,349.55
01-07-2018,Aracaju,344.89
01-08-2018,Aracaju,344.92
01-09-2018,Aracaju,342.34
01-10-2018,Aracaju,342.5
01-11-2018,Aracaju,349.76
01-12-2018,Aracaju,358.75
01-01-2019,Aracaju,356.56
01-02-2019,Aracaju,379.61
01-03-2019,Aracaju,385.62
01-04-2019,Aracaju,404.68
01-05-2019,Aracaju,408.16
01-06-2019,Aracaju,383.09
01-07-2019,Aracaju,359.95
01-08-2019,Aracaju,337.96
01-09-2019,Aracaju,328.7
01-10-2019,Aracaju,325.01
01-11-2019,Aracaju,325.4
01-12-2019,Aracaju,351.97
01-01-2020,Aracaju,368.69
01-02-2020,Aracaju,371.22
01-03-2020,Aracaju,390.2
01-04-2020,Aracaju,401.37
01-05-2020,Aracaju,400.15
01-06-2020,Aracaju,420.03
01-07-2020,Aracaju,392.75
01-08-2020,Aracaju,398.47
01-09-2020,Aracaju,427.11
01-10-2020,Aracaju,442.26
01-11-2020,Aracaju,451.32
01-12-2020,Aracaju,453.16
01-01-2021,Aracaju,450.84
01-02-2021,Aracaju,445.9
01-03-2021,Aracaju,468.79
01-04-2021,Aracaju,469.66
01-05-2021,Aracaju,468.43
01-06-2021,Aracaju,470.97
01-07-2021,Aracaju,488.42
01-08-2021,Aracaju,456.4
01-09-2021,Aracaju,454.03
01-10-2021,Aracaju,464.17
01-11-2021,Aracaju,473.26
01-12-2021,Aracaju,478.05
01-01-2022,Aracaju,507.82
01-02-2022,Aracaju,516.82
01-03-2022,Aracaju,524.99
01-04-2022,Aracaju,551.47
01-05-2022,Aracaju,548.38
01-06-2022,Aracaju,549.91
01-07-2022,Aracaju,542.5
01-08-2022,Aracaju,539.57
01-09-2022,Aracaju,518.68
01-10-2022,Aracaju,515.51
01-11-2022,Aracaju,511.97
01-12-2022,Aracaju,521.05
01-01-2023,Aracaju,555.28
01-02-2023,Aracaju,552.97
01-03-2023,Aracaju,546.14
01-04-2023,Aracaju,553.89
01-05-2023,Aracaju,553.76
01-06-2023,Aracaju,567.11
01-07-2023,Aracaju,547.22
01-08-2023,Aracaju,542.67
01-09-2023,Aracaju,532.34
01-10-2023,Aracaju,521.96
01-11-2023,Aracaju,516.76
01-12-2023,Aracaju,517.26
01-01-2024,Aracaju,528.48
01-02-2024,Aracaju,534.4
01-03-2024,Aracaju,555.22
01-04-2024,Aracaju,582.11
01-05-2024,Aracaju,579.55
01-06-2024,Aracaju,561.96
01-07-2024,Aracaju,524.28
01-08-2024,Aracaju,516.4
01-09-2024,Aracaju,506.19
01-10-2024,Aracaju,519.31
01-11-2024,Aracaju,533.26
01-12-2024,Aracaju,554.08
01-01-2025,Aracaju,571.43
01-02-2025,Aracaju,580.45
01-03-2025,Aracaju,569.48
01-01-2010,Fortaleza,175.86
01-02-2010,Fortaleza,176.89
01-03-2010,Fortaleza,182.43
01-04-2010,Fortaleza,187.21
01-05-2010,Fortaleza,185.73
01-06-2010,Fortaleza,181.92
01-07-2010,Fortaleza,181.73
01-08-2010,Fortaleza,179.5
01-09-2010,Fortaleza,185.12
01-10-2010,Fortaleza,193.38
01-11-2010,Fortaleza,208.91
01-12-2010,Fortaleza,205.65
01-01-2011,Fortaleza,216.45
01-02-2011,Fortaleza,213.75
01-03-2011,Fortaleza,218.89
01-04-2011,Fortaleza,212.62
01-05-2011,Fortaleza,218.01
01-06-2011,Fortaleza,225.94
01-07-2011,Fortaleza,214.71
01-08-2011,Fortaleza,206.13
01-09-2011,Fortaleza,203.2
01-10-2011,Fortaleza,198.68
01-11-2011,Fortaleza,206.44
01-12-2011,Fortaleza,215.21
01-01-2012,Fortaleza,218.06
01-02-2012,Fortaleza,214.23
01-03-2012,Fortaleza,211.39
01-04-2012,Fortaleza,218.87
01-05-2012,Fortaleza,234.0
01-06-2012,Fortaleza,235.7
01-07-2012,Fortaleza,240.8
01-08-2012,Fortaleza,245.75
01-09-2012,Fortaleza,248.79
01-10-2012,Fortaleza,255.11
01-11-2012,Fortaleza,244.55
01-12-2012,Fortaleza,252.78
01-01-2013,Fortaleza,258.32
01-02-2013,Fortaleza,276.98
01-03-2013,Fortaleza,280.69
01-04-2013,Fortaleza,291.08
01-05-2013,Fortaleza,296.82
01-06-2013,Fortaleza,292.86
01-07-2013,Fortaleza,275.27
01-08-2013,Fortaleza,264.38
01-09-2013,Fortaleza,258.37
01-10-2013,Fortaleza,260.25
01-11-2013,Fortaleza,269.28
01-12-2013,Fortaleza,273.47
01-01-2014,Fortaleza,274.6
01-02-2014,Fortaleza,269.81
01-03-2014,Fortaleza,286.41
01-04-2014,Fortaleza,288.42
01-05-2014,Fortaleza,304.06
01-06-2014,Fortaleza,298.01
01-07-2014,Fortaleza,287.19
01-08-2014,Fortaleza,278.68
01-09-2014,Fortaleza,277.37
01-10-2014,Fortaleza,277.6
01-11-2014,Fortaleza,280.59
01-12-2014,Fortaleza,280.39
01-01-2015,Fortaleza,288.99
01-02-2015,Fortaleza,292.23
01-03-2015,Fortaleza,304.59
01-04-2015,Fortaleza,316.2
01-05-2015,Fortaleza,344.3
01-06-2015,Fortaleza,325.4
01-07-2015,Fortaleza,332.82
01-08-2015,Fortaleza,317.52
01-09-2015,Fortaleza,305.2
01-10-2015,Fortaleza,306.23
01-11-2015,Fortaleza,317.86
01-12-2015,Fortaleza,335.59
01-12-2015 (1),Fortaleza,342.72
01-01-2016,Fortaleza,368.64
01-02-2016,Fortaleza,387.63
01-03-2016,Fortaleza,386.3
01-04-2016,Fortaleza,385.14
01-05-2016,Fortaleza,375.13
01-06-2016,Fortaleza,386.78
01-07-2016,Fortaleza,403.38
01-08-2016,Fortaleza,410.11
01-09-2016,Fortaleza,415.94
01-10-2016,Fortaleza,415.41
01-11-2016,Fortaleza,406.52
01-12-2016,Fortaleza,394.19
01-01-2017,Fortaleza,412.48
01-02-2017,Fortaleza,401.91
01-03-2017,Fortaleza,408.83
01-04-2017,Fortaleza,423.08
01-05-2017,Fortaleza,404.5
01-06-2017,Fortaleza,408.49
01-07-2017,Fortaleza,400.67
01-08-2017,Fortaleza,389.35
01-09-2017,Fortaleza,370.46
01-10-2017,Fortaleza,367.61
01-11-2017,Fortaleza,363.92
01-12-2017,Fortaleza,367.45
01-01-2018,Fortaleza,387.61
01-02-2018,Fortaleza,395.47
01-03-2018,Fortaleza,389.0
01-04-2018,Fortaleza,378.98
01-05-2018,Fortaleza,390.79
01-06-2018,Fortaleza,392.35
01-07-2018,Fortaleza,379.26
01-08-2018,Fortaleza,372.89
01-09-2018,Fortaleza,367.14
01-10-2018,Fortaleza,393.4
01-11-2018,Fortaleza,411.66
01-12-2018,Fortaleza,397.34
01-01-2019,Fortaleza,403.99
01-02-2019,Fortaleza,416.86
01-03-2019,Fortaleza,445.12
01-04-2019,Fortaleza,459.2
01-05-2019,Fortaleza,444.44
01-06-2019,Fortaleza,448.73
01-07-2019,Fortaleza,432.96
01-08-2019,Fortaleza,402.84
01-09-2019,Fortaleza,384.17
01-10-2019,Fortaleza,387.18
01-11-2019,Fortaleza,395.82
01-12-2019,Fortaleza,433.64
01-01-2020,Fortaleza,433.39
01-02-2020,Fortaleza,462.99
01-03-2020,Fortaleza,475.11
01-04-2020,Fortaleza,482.46
01-05-2020,Fortaleza,455.18
01-06-2020,Fortaleza,464.31
01-07-2020,Fortaleza,454.74
01-08-2020,Fortaleza,462.13
01-09-2020,Fortaleza,485.75
01-10-2020,Fortaleza,510.54
01-11-2020,Fortaleza,539.33
01-12-2020,Fortaleza,534.96
01-01-2021,Fortaleza,532.97
01-02-2021,Fortaleza,523.46
01-03-2021,Fortaleza,517.05
01-04-2021,Fortaleza,525.26
01-05-2021,Fortaleza,532.21
01-06-2021,Fortaleza,541.61
01-07-2021,Fortaleza,562.82
01-08-2021,Fortaleza,552.24
01-09-2021,Fortaleza,552.09
01-10-2021,Fortaleza,563.96
01-11-2021,Fortaleza,580.36
01-12-2021,Fortaleza,579.06
01-01-2022,Fortaleza,607.35
01-02-2022,Fortaleza,609.6
01-03-2022,Fortaleza,635.02
01-04-2022,Fortaleza,647.63
01-05-2022,Fortaleza,628.46
01-06-2022,Fortaleza,657.0
01-07-2022,Fortaleza,641.46
01-08-2022,Fortaleza,626.98
01-09-2022,Fortaleza,620.87
01-10-2022,Fortaleza,622.57
01-11-2022,Fortaleza,630.67
01-12-2022,Fortaleza,653.99
01-01-2023,Fortaleza,679.81
01-02-2023,Fortaleza,671.32
01-03-2023,Fortaleza,647.92
01-04-2023,Fortaleza,669.79
01-05-2023,Fortaleza,672.66
01-06-2023,Fortaleza,661.16
01-07-2023,Fortaleza,661.5
01-08-2023,Fortaleza,642.68
01-09-2023,Fortaleza,640.48
01-10-2023,Fortaleza,648.93
01-11-2023,Fortaleza,639.91
01-12-2023,Fortaleza,630.38
01-01-2024,Fortaleza,618.32
01-02-2024,Fortaleza,627.67
01-03-2024,Fortaleza,663.22
01-04-2024,Fortaleza,714.68
01-05-2024,Fortaleza,709.9
01-06-2024,Fortaleza,697.33
01-07-2024,Fortaleza,677.53
01-08-2024,Fortaleza,630.48
01-09-2024,Fortaleza,615.92
01-10-2024,Fortaleza,641.34
01-11-2024,Fortaleza,663.95
01-12-2024,Fortaleza,673.77
01-01-2025,Fortaleza,700.44
01-02-2025,Fortaleza,710.66
01-03-2025,Fortaleza,727.46
01-01-2010,João Pessoa,171.97
01-02-2010,João Pessoa,179.28
01-03-2010,João Pessoa,196.29
01-04-2010,João Pessoa,203.86
01-05-2010,João Pessoa,200.09
01-06-2010,João Pessoa,193.94
01-07-2010,João Pessoa,191.17
01-08-2010,João Pessoa,183.31
01-09-2010,João Pessoa,181.23
01-10-2010,João Pessoa,186.34
01-11-2010,João Pessoa,193.49
01-12-2010,João Pessoa,194.24
01-01-2011,João Pessoa,200.21
01-02-2011,João Pessoa,203.26
01-03-2011,João Pessoa,203.94
01-04-2011,João Pessoa,198.79
01-05-2011,João Pessoa,200.18
01-06-2011,João Pessoa,206.22
01-07-2011,João Pessoa,204.4
01-08-2011,João Pessoa,202.47
01-09-2011,João Pessoa,196.69
01-10-2011,João Pessoa,195.14
01-11-2011,João Pessoa,198.26
01-12-2011,João Pessoa,204.21
01-01-2012,João Pessoa,212.18
01-02-2012,João Pessoa,212.64
01-03-2012,João Pessoa,214.54
01-04-2012,João Pessoa,216.95
01-05-2012,João Pessoa,225.94
01-06-2012,João Pessoa,229.56
01-07-2012,João Pessoa,233.25
01-08-2012,João Pessoa,233.36
01-09-2012,João Pessoa,233.23
01-10-2012,João Pessoa,232.97
01-11-2012,João Pessoa,235.35
01-12-2012,João Pessoa,237.85
01-01-2013,João Pessoa,252.13
01-02-2013,João Pessoa,270.06
01-03-2013,João Pessoa,274.64
01-04-2013,João Pessoa,290.96
01-05-2013,João Pessoa,286.58
01-06-2013,João Pessoa,285.47
01-07-2013,João Pessoa,275.54
01-08-2013,João Pessoa,266.2
01-09-2013,João Pessoa,259.79
01-10-2013,João Pessoa,254.45
01-11-2013,João Pessoa,257.16
01-12-2013,João Pessoa,258.81
01-01-2014,João Pessoa,264.17
01-02-2014,João Pessoa,255.0
01-03-2014,João Pessoa,263.17
01-04-2014,João Pessoa,270.15
01-05-2014,João Pessoa,272.35
01-06-2014,João Pessoa,281.7
01-07-2014,João Pessoa,270.6
01-08-2014,João Pessoa,268.87
01-09-2014,João Pessoa,268.56
01-10-2014,João Pessoa,266.47
01-11-2014,João Pessoa,264.99
01-12-2014,João Pessoa,272.02
01-01-2015,João Pessoa,278.73
01-02-2015,João Pessoa,286.22
01-03-2015,João Pessoa,288.43
01-04-2015,João Pessoa,299.9
01-05-2015,João Pessoa,303.8
01-06-2015,João Pessoa,309.48
01-07-2015,João Pessoa,306.53
01-08-2015,João Pessoa,307.39
01-09-2015,João Pessoa,299.65
01-10-2015,João Pessoa,298.17
01-11-2015,João Pessoa,310.15
01-12-2015,João Pessoa,316.82
01-12-2015 (1),João Pessoa,324.73
01-01-2016,João Pessoa,349.75
01-02-2016,João Pessoa,360.66
01-03-2016,João Pessoa,351.88
01-04-2016,João Pessoa,365.83
01-05-2016,João Pessoa,361.39
01-06-2016,João Pessoa,366.06
01-07-2016,João Pessoa,387.24
01-08-2016,João Pessoa,385.83
01-09-2016,João Pessoa,386.92
01-10-2016,João Pessoa,385.5
01-11-2016,João Pessoa,370.65
01-12-2016,João Pessoa,366.16
01-01-2017,João Pessoa,368.95
01-02-2017,João Pessoa,364.75
01-03-2017,João Pessoa,374.18
01-04-2017,João Pessoa,382.52
01-05-2017,João Pessoa,383.81
01-06-2017,João Pessoa,369.78
01-07-2017,João Pessoa,361.41
01-08-2017,João Pessoa,351.08
01-09-2017,João Pessoa,334.86
01-10-2017,João Pessoa,330.38
01-11-2017,João Pessoa,324.9
01-12-2017,João Pessoa,329.52
01-01-2018,João Pessoa,368.76
01-02-2018,João Pessoa,354.15
01-03-2018,João Pessoa,349.83
01-04-2018,João Pessoa,335.77
01-05-2018,João Pessoa,346.42
01-06-2018,João Pessoa,349.8
01-07-2018,João Pessoa,347.15
01-08-2018,João Pessoa,335.49
01-09-2018,João Pessoa,328.99
01-10-2018,João Pessoa,334.1
01-11-2018,João Pessoa,339.39
01-12-2018,João Pessoa,345.21
01-01-2019,João Pessoa,360.92
01-02-2019,João Pessoa,378.26
01-03-2019,João Pessoa,400.38
01-04-2019,João Pessoa,412.27
01-05-2019,João Pessoa,403.57
01-06-2019,João Pessoa,398.72
01-07-2019,João Pessoa,385.58
01-08-2019,João Pessoa,367.86
01-09-2019,João Pessoa,359.62
01-10-2019,João Pessoa,351.19
01-11-2019,João Pessoa,347.14
01-12-2019,João Pessoa,373.56
01-01-2020,João Pessoa,388.02
01-02-2020,João Pessoa,403.98
01-03-2020,João Pessoa,414.05
01-04-2020,João Pessoa,437.93
01-05-2020,João Pessoa,440.25
01-06-2020,João Pessoa,430.44
01-07-2020,João Pessoa,417.75
01-08-2020,João Pessoa,414.5
01-09-2020,João Pessoa,432.04
01-10-2020,João Pessoa,449.97
01-11-2020,João Pessoa,454.85
01-12-2020,João Pessoa,475.19
01-01-2021,João Pessoa,471.87
01-02-2021,João Pessoa,484.54
01-03-2021,João Pessoa,478.52
01-04-2021,João Pessoa,490.04
01-05-2021,João Pessoa,491.63
01-06-2021,João Pessoa,495.76
01-07-2021,João Pessoa,492.3
01-08-2021,João Pessoa,490.93
01-09-2021,João Pessoa,476.63
01-10-2021,João Pessoa,491.12
01-11-2021,João Pessoa,508.91
01-12-2021,João Pessoa,510.82
01-01-2022,João Pessoa,538.65
01-02-2022,João Pessoa,549.33
01-03-2022,João Pessoa,567.84
01-04-2022,João Pessoa,573.7
01-05-2022,João Pessoa,567.67
01-06-2022,João Pessoa,586.73
01-07-2022,João Pessoa,572.63
01-08-2022,João Pessoa,568.21
01-09-2022,João Pessoa,562.32
01-10-2022,João Pessoa,559.57
01-11-2022,João Pessoa,552.43
01-12-2022,João Pessoa,561.84
01-01-2023,João Pessoa,600.06
01-02-2023,João Pessoa,600.1
01-03-2023,João Pessoa,579.57
01-04-2023,João Pessoa,585.42
01-05-2023,João Pessoa,580.95
01-06-2023,João Pessoa,604.89
01-07-2023,João Pessoa,581.31
01-08-2023,João Pessoa,565.07
01-09-2023,João Pessoa,562.6
01-10-2023,João Pessoa,554.88
01-11-2023,João Pessoa,548.33
01-12-2023,João Pessoa,542.3
01-01-2024,João Pessoa,559.77
01-02-2024,João Pessoa,564.5
01-03-2024,João Pessoa,583.23
01-04-2024,João Pessoa,614.75
01-05-2024,João Pessoa,620.67
01-06-2024,João Pessoa,597.32
01-07-2024,João Pessoa,572.38
01-08-2024,João Pessoa,548.9
01-09-2024,João Pessoa,552.35
01-10-2024,João Pessoa,566.46
01-11-2024,João Pessoa,590.82
01-12-2024,João Pessoa,606.91
01-01-2025,João Pessoa,618.64
01-02-2025,João Pessoa,634.41
01-03-2025,João Pessoa,626.89
01-12-2015 (1),Maceió,324.44
01-01-2016,Maceió,337.32
01-02-2016,Maceió,347.38
01-03-2016,Maceió,342.55
01-04-2016,Maceió,349.78
01-05-2016,Maceió,357.19
01-06-2016,Maceió,368.19
01-07-2016,Maceió,384.75
01-08-2016,Maceió,396.72
01-09-2016,Maceió,394.75
01-10-2016,Maceió,403.12
01-11-2016,Maceió,398.9
01-12-2016,Maceió,391.56
01-01-2017,Maceió,391.26
01-02-2017,Maceió,371.31
01-03-2017,Maceió,369.33
01-04-2017,Maceió,374.63
01-05-2017,Maceió,377.51
01-06-2017,Maceió,373.67
01-07-2017,Maceió,371.38
01-08-2017,Maceió,374.75
01-09-2017,Maceió,355.2
01-10-2017,Maceió,346.26
01-11-2017,Maceió,347.77
01-12-2017,Maceió,349.4
01-01-2010,Natal,186.72
01-02-2010,Natal,193.5
01-03-2010,Natal,199.14
01-04-2010,Natal,223.22
01-05-2010,Natal,219.57
01-06-2010,Natal,211.72
01-07-2010,Natal,208.92
01-08-2010,Natal,195.58
01-09-2010,Natal,193.08
01-10-2010,Natal,200.97
01-11-2010,Natal,205.84
01-12-2010,Natal,219.8
01-01-2011,Natal,224.58
01-02-2011,Natal,221.15
01-03-2011,Natal,234.85
01-04-2011,Natal,229.39
01-05-2011,Natal,225.28
01-06-2011,Natal,230.97
01-07-2011,Natal,223.31
01-08-2011,Natal,219.52
01-09-2011,Natal,205.97
01-10-2011,Natal,200.55
01-11-2011,Natal,206.0
01-12-2011,Natal,212.36
01-01-2012,Natal,213.63
01-02-2012,Natal,218.21
01-03-2012,Natal,219.0
01-04-2012,Natal,225.41
01-05-2012,Natal,232.82
01-06-2012,Natal,234.32
01-07-2012,Natal,245.17
01-08-2012,Natal,241.14
01-09-2012,Natal,241.28
01-10-2012,Natal,247.18
01-11-2012,Natal,246.43
01-12-2012,Natal,239.65
01-01-2013,Natal,269.56
01-02-2013,Natal,283.27
01-03-2013,Natal,279.24
01-04-2013,Natal,286.58
01-05-2013,Natal,281.67
01-06-2013,Natal,284.69
01-07-2013,Natal,271.61
01-08-2013,Natal,267.49
01-09-2013,Natal,263.8
01-10-2013,Natal,265.88
01-11-2013,Natal,271.93
01-12-2013,Natal,273.36
01-01-2014,Natal,269.95
01-02-2014,Natal,270.07
01-03-2014,Natal,271.31
01-04-2014,Natal,282.56
01-05-2014,Natal,289.07
01-06-2014,Natal,292.49
01-07-2014,Natal,277.07
01-08-2014,Natal,270.57
01-09-2014,Natal,267.39
01-10-2014,Natal,265.27
01-11-2014,Natal,258.93
01-12-2014,Natal,268.71
01-01-2015,Natal,277.56
01-02-2015,Natal,289.65
01-03-2015,Natal,289.21
01-04-2015,Natal,300.73
01-05-2015,Natal,312.41
01-06-2015,Natal,302.76
01-07-2015,Natal,293.58
01-08-2015,Natal,286.36
01-09-2015,Natal,282.72
01-10-2015,Natal,285.47
01-11-2015,Natal,302.14
01-12-2015,Natal,309.92
01-12-2015 (1),Natal,312.46
01-01-2016,Natal,329.2
01-02-2016,Natal,331.79
01-03-2016,Natal,325.98
01-04-2016,Natal,334.49
01-05-2016,Natal,337.49
01-06-2016,Natal,352.12
01-07-2016,Natal,362.63
01-08-2016,Natal,365.46
01-09-2016,Natal,367.54
01-10-2016,Natal,366.9
01-11-2016,Natal,354.59
01-12-2016,Natal,351.96
01-01-2017,Natal,349.61
01-02-2017,Natal,351.68
01-03-2017,Natal,364.12
01-04-2017,Natal,368.86
01-05-2017,Natal,364.97
01-06-2017,Natal,354.32
01-07-2017,Natal,358.15
01-08-2017,Natal,336.12
01-09-2017,Natal,323.9
01-10-2017,Natal,325.09
01-11-2017,Natal,328.21
01-12-2017,Natal,331.18
01-01-2018,Natal,360.48
01-02-2018,Natal,348.96
01-03-2018,Natal,343.26
01-04-2018,Natal,337.67
01-05-2018,Natal,341.18
01-06-2018,Natal,351.11
01-07-2018,Natal,341.09
01-08-2018,Natal,335.61
01-09-2018,Natal,330.3
01-10-2018,Natal,329.9
01-11-2018,Natal,332.21
01-12-2018,Natal,341.4
01-01-2019,Natal,351.83
01-02-2019,Natal,375.58
01-03-2019,Natal,399.01
01-04-2019,Natal,410.1
01-05-2019,Natal,406.07
01-06-2019,Natal,397.24
01-07-2019,Natal,381.27
01-08-2019,Natal,354.44
01-09-2019,Natal,352.57
01-10-2019,Natal,341.9
01-11-2019,Natal,347.89
01-12-2019,Natal,383.76
01-01-2020,Natal,389.26
01-02-2020,Natal,405.88
01-03-2020,Natal,426.0
01-04-2020,Natal,428.28
01-05-2020,Natal,429.57
01-06-2020,Natal,442.46
01-07-2020,Natal,430.66
01-08-2020,Natal,419.47
01-09-2020,Natal,422.31
01-10-2020,Natal,436.76
01-11-2020,Natal,455.43
01-12-2020,Natal,458.79
01-01-2021,Natal,454.49
01-02-2021,Natal,464.43
01-03-2021,Natal,477.56
01-04-2021,Natal,478.23
01-05-2021,Natal,501.7
01-06-2021,Natal,500.2
01-07-2021,Natal,506.51
01-08-2021,Natal,508.04
01-09-2021,Natal,493.29
01-10-2021,Natal,504.66
01-11-2021,Natal,521.08
01-12-2021,Natal,529.54
01-01-2022,Natal,551.06
01-02-2022,Natal,557.2
01-03-2022,Natal,575.33
01-04-2022,Natal,595.37
01-05-2022,Natal,586.42
01-06-2022,Natal,611.79
01-07-2022,Natal,587.58
01-08-2022,Natal,580.74
01-09-2022,Natal,581.53
01-10-2022,Natal,573.4
01-11-2022,Natal,566.95
01-12-2022,Natal,584.36
01-01-2023,Natal,622.16
01-02-2023,Natal,626.15
01-03-2023,Natal,615.03
01-04-2023,Natal,605.94
01-05-2023,Natal,602.16
01-06-2023,Natal,632.27
01-07-2023,Natal,613.64
01-08-2023,Natal,581.18
01-09-2023,Natal,598.99
01-10-2023,Natal,582.12
01-11-2023,Natal,567.3
01-12-2023,Natal,556.06
01-01-2024,Natal,575.71
01-02-2024,Natal,579.31
01-03-2024,Natal,605.33
01-04-2024,Natal,632.23
01-05-2024,Natal,640.1
01-06-2024,Natal,599.29
01-07-2024,Natal,575.12
01-08-2024,Natal,555.68
01-09-2024,Natal,554.0
01-10-2024,Natal,576.23
01-11-2024,Natal,593.54
01-12-2024,Natal,617.32
01-01-2025,Natal,634.11
01-02-2025,Natal,648.58
01-03-2025,Natal,636.47
01-01-2010,Recife,172.29
01-02-2010,Recife,184.08
01-03-2010,Recife,202.01
01-04-2010,Recife,214.48
01-05-2010,Recife,216.85
01-06-2010,Recife,208.79
01-07-2010,Recife,200.83
01-08-2010,Recife,188.22
01-09-2010,Recife,192.2
01-10-2010,Recife,195.64
01-11-2010,Recife,206.32
01-12-2010,Recife,205.5
01-01-2011,Recife,204.85
01-02-2011,Recife,211.4
01-03-2011,Recife,209.77
01-04-2011,Recife,202.03
01-05-2011,Recife,207.66
01-06-2011,Recife,213.64
01-07-2011,Recife,212.55
01-08-2011,Recife,211.09
01-09-2011,Recife,208.51
01-10-2011,Recife,206.17
01-11-2011,Recife,210.52
01-12-2011,Recife,215.99
01-01-2012,Recife,223.16
01-02-2012,Recife,219.42
01-03-2012,Recife,223.1
01-04-2012,Recife,223.97
01-05-2012,Recife,239.92
01-06-2012,Recife,231.46
01-07-2012,Recife,237.66
01-08-2012,Recife,240.79
01-09-2012,Recife,239.53
01-10-2012,Recife,250.28
01-11-2012,Recife,248.05
01-12-2012,Recife,248.95
01-01-2013,Recife,257.43
01-02-2013,Recife,278.92
01-03-2013,Recife,280.01
01-04-2013,Recife,298.35
01-05-2013,Recife,290.94
01-06-2013,Recife,296.67
01-07-2013,Recife,279.98
01-08-2013,Recife,270.37
01-09-2013,Recife,270.43
01-10-2013,Recife,270.21
01-11-2013,Recife,268.34
01-12-2013,Recife,274.69
01-01-2014,Recife,280.75
01-02-2014,Recife,278.65
01-03-2014,Recife,280.06
01-04-2014,Recife,288.67
01-05-2014,Recife,302.81
01-06-2014,Recife,307.44
01-07-2014,Recife,296.16
01-08-2014,Recife,290.97
01-09-2014,Recife,285.18
01-10-2014,Recife,280.88
01-11-2014,Recife,274.44
01-12-2014,Recife,286.39
01-01-2015,Recife,290.43
01-02-2015,Recife,294.93
01-03-2015,Recife,298.6
01-04-2015,Recife,307.46
01-05-2015,Recife,331.23
01-06-2015,Recife,318.53
01-07-2015,Recife,309.38
01-08-2015,Recife,309.42
01-09-2015,Recife,298.58
01-10-2015,Recife,297.78
01-11-2015,Recife,323.15
01-12-2015,Recife,327.82
01-12-2015 (1),Recife,333.84
01-01-2016,Recife,344.47
01-02-2016,Recife,349.96
01-03-2016,Recife,347.21
01-04-2016,Recife,358.55
01-05-2016,Recife,353.78
01-06-2016,Recife,365.79
01-07-2016,Recife,374.54
01-08-2016,Recife,371.6
01-09-2016,Recife,375.55
01-10-2016,Recife,372.07
01-11-2016,Recife,353.08
01-12-2016,Recife,347.96
01-01-2017,Recife,346.44
01-02-2017,Recife,344.06
01-03-2017,Recife,356.21
01-04-2017,Recife,368.74
01-05-2017,Recife,379.39
01-06-2017,Recife,373.84
01-07-2017,Recife,361.65
01-08-2017,Recife,340.54
01-09-2017,Recife,328.63
01-10-2017,Recife,325.96
01-11-2017,Recife,327.85
01-12-2017,Recife,332.15
01-01-2018,Recife,356.47
01-02-2018,Recife,356.06
01-03-2018,Recife,342.46
01-04-2018,Recife,333.11
01-05-2018,Recife,336.36
01-06-2018,Recife,355.93
01-07-2018,Recife,347.43
01-08-2018,Recife,340.14
01-09-2018,Recife,332.75
01-10-2018,Recife,330.2
01-11-2018,Recife,333.5
01-12-2018,Recife,340.57
01-01-2019,Recife,348.85
01-02-2019,Recife,376.34
01-03-2019,Recife,401.35
01-04-2019,Recife,417.03
01-05-2019,Recife,417.85
01-06-2019,Recife,396.21
01-07-2019,Recife,381.1
01-08-2019,Recife,361.64
01-09-2019,Recife,367.16
01-10-2019,Recife,359.55
01-11-2019,Recife,354.64
01-12-2019,Recife,393.8
01-01-2020,Recife,395.93
01-02-2020,Recife,420.27
01-03-2020,Recife,433.28
01-04-2020,Recife,461.26
01-05-2020,Recife,451.45
01-06-2020,Recife,435.3
01-07-2020,Recife,436.1
01-08-2020,Recife,439.19
01-09-2020,Recife,464.31
01-10-2020,Recife,469.05
01-11-2020,Recife,462.98
01-12-2020,Recife,469.39
01-01-2021,Recife,474.22
01-02-2021,Recife,469.71
01-03-2021,Recife,461.33
01-04-2021,Recife,471.52
01-05-2021,Recife,480.8
01-06-2021,Recife,483.92
01-07-2021,Recife,487.6
01-08-2021,Recife,491.46
01-09-2021,Recife,489.4
01-10-2021,Recife,485.26
01-11-2021,Recife,524.73
01-12-2021,Recife,532.37
01-01-2022,Recife,543.1
01-02-2022,Recife,549.2
01-03-2022,Recife,561.57
01-04-2022,Recife,582.74
01-05-2022,Recife,595.89
01-06-2022,Recife,612.34
01-07-2022,Recife,616.63
01-08-2022,Recife,598.14
01-09-2022,Recife,580.01
01-10-2022,Recife,558.4
01-11-2022,Recife,551.3
01-12-2022,Recife,565.09
01-01-2023,Recife,608.1
01-02-2023,Recife,606.93
01-03-2023,Recife,578.73
01-04-2023,Recife,582.26
01-05-2023,Recife,587.13
01-06-2023,Recife,621.14
01-07-2023,Recife,592.71
01-08-2023,Recife,580.72
01-09-2023,Recife,570.2
01-10-2023,Recife,557.1
01-11-2023,Recife,551.04
01-12-2023,Recife,538.08
01-01-2024,Recife,550.51
01-02-2024,Recife,559.68
01-03-2024,Recife,592.19
01-04-2024,Recife,617.28
01-05-2024,Recife,618.47
01-06-2024,Recife,582.9
01-07-2024,Recife,548.43
01-08-2024,Recife,533.12
01-09-2024,Recife,535.32
01-10-2024,Recife,548.19
01-11-2024,Recife,578.16
01-12-2024,Recife,588.35
01-01-2025,Recife,598.72
01-02-2025,Recife,625.33
01-03-2025,Recife,627.14
01-01-2010,Salvador,185.77
01-02-2010,Salvador,198.24
01-03-2010,Salvador,208.71
01-04-2010,Salvador,220.0
01-05-2010,Salvador,216.18
01-06-2010,Salvador,207.85
01-07-2010,Salvador,202.82
01-08-2010,Salvador,192.69
01-09-2010,Salvador,199.77
01-10-2010,Salvador,205.18
01-11-2010,Salvador,210.64
01-12-2010,Salvador,201.7
01-01-2011,Salvador,209.49
01-02-2011,Salvador,210.44
01-03-2011,Salvador,220.75
01-04-2011,Salvador,203.38
01-05-2011,Salvador,202.4
01-06-2011,Salvador,204.69
01-07-2011,Salvador,206.58
01-08-2011,Salvador,209.35
01-09-2011,Salvador,208.07
01-10-2011,Salvador,205.12
01-11-2011,Salvador,205.11
01-12-2011,Salvador,208.82
01-01-2012,Salvador,214.21
01-02-2012,Salvador,204.53
01-03-2012,Salvador,211.9
01-04-2012,Salvador,217.92
01-05-2012,Salvador,228.25
01-06-2012,Salvador,213.2
01-07-2012,Salvador,218.78
01-08-2012,Salvador,225.23
01-09-2012,Salvador,217.71
01-10-2012,Salvador,223.0
01-11-2012,Salvador,220.49
01-12-2012,Salvador,227.12
01-01-2013,Salvador,267.65
01-02-2013,Salvador,270.04
01-03-2013,Salvador,281.05
01-04-2013,Salvador,268.05
01-05-2013,Salvador,257.98
01-06-2013,Salvador,260.2
01-07-2013,Salvador,259.73
01-08-2013,Salvador,257.54
01-09-2013,Salvador,256.16
01-10-2013,Salvador,256.78
01-11-2013,Salvador,259.93
01-12-2013,Salvador,265.13
01-01-2014,Salvador,265.86
01-02-2014,Salvador,262.78
01-03-2014,Salvador,272.56
01-04-2014,Salvador,274.38
01-05-2014,Salvador,277.52
01-06-2014,Salvador,278.97
01-07-2014,Salvador,270.06
01-08-2014,Salvador,266.34
01-09-2014,Salvador,263.63
01-10-2014,Salvador,257.8
01-11-2014,Salvador,255.72
01-12-2014,Salvador,267.82
01-01-2015,Salvador,299.17
01-02-2015,Salvador,311.65
01-03-2015,Salvador,302.97
01-04-2015,Salvador,314.44
01-05-2015,Salvador,348.04
01-06-2015,Salvador,320.03
01-07-2015,Salvador,317.9
01-08-2015,Salvador,305.11
01-09-2015,Salvador,297.07
01-10-2015,Salvador,297.83
01-11-2015,Salvador,323.23
01-12-2015,Salvador,331.2
01-12-2015 (1),Salvador,314.23
01-01-2016,Salvador,349.26
01-02-2016,Salvador,337.84
01-03-2016,Salvador,348.71
01-04-2016,Salvador,344.29
01-05-2016,Salvador,354.12
01-06-2016,Salvador,365.77
01-07-2016,Salvador,380.03
01-08-2016,Salvador,376.45
01-09-2016,Salvador,381.93
01-10-2016,Salvador,375.6
01-11-2016,Salvador,358.77
01-12-2016,Salvador,355.15
01-01-2017,Salvador,359.75
01-02-2017,Salvador,349.4
01-03-2017,Salvador,349.66
01-04-2017,Salvador,366.63
01-05-2017,Salvador,351.31
01-06-2017,Salvador,350.22
01-07-2017,Salvador,357.28
01-08-2017,Salvador,332.1
01-09-2017,Salvador,318.52
01-10-2017,Salvador,318.31
01-11-2017,Salvador,315.98
01-12-2017,Salvador,316.65
01-01-2018,Salvador,333.98
01-02-2018,Salvador,336.59
01-03-2018,Salvador,322.88
01-04-2018,Salvador,325.42
01-05-2018,Salvador,327.56
01-06-2018,Salvador,333.0
01-07-2018,Salvador,321.62
01-08-2018,Salvador,311.92
01-09-2018,Salvador,315.86
01-10-2018,Salvador,331.02
01-11-2018,Salvador,330.17
01-12-2018,Salvador,343.82
01-01-2019,Salvador,353.43
01-02-2019,Salvador,362.93
01-03-2019,Salvador,382.35
01-04-2019,Salvador,396.75
01-05-2019,Salvador,392.97
01-06-2019,Salvador,384.76
01-07-2019,Salvador,372.25
01-08-2019,Salvador,350.75
01-09-2019,Salvador,345.04
01-10-2019,Salvador,347.65
01-11-2019,Salvador,341.45
01-12-2019,Salvador,360.51
01-01-2020,Salvador,376.49
01-02-2020,Salvador,395.49
01-03-2020,Salvador,408.06
01-04-2020,Salvador,425.12
01-05-2020,Salvador,410.33
01-06-2020,Salvador,419.18
01-07-2020,Salvador,415.22
01-08-2020,Salvador,418.72
01-09-2020,Salvador,459.33
01-10-2020,Salvador,454.5
01-11-2020,Salvador,488.1
01-12-2020,Salvador,479.08
01-01-2021,Salvador,488.94
01-02-2021,Salvador,479.19
01-03-2021,Salvador,461.28
01-04-2021,Salvador,457.56
01-05-2021,Salvador,470.14
01-06-2021,Salvador,467.3
01-07-2021,Salvador,482.58
01-08-2021,Salvador,485.44
01-09-2021,Salvador,478.86
01-10-2021,Salvador,487.59
01-11-2021,Salvador,505.94
01-12-2021,Salvador,518.21
01-01-2022,Salvador,540.01
01-02-2022,Salvador,552.3
01-03-2022,Salvador,560.39
01-04-2022,Salvador,575.84
01-05-2022,Salvador,578.88
01-06-2022,Salvador,580.82
01-07-2022,Salvador,586.54
01-08-2022,Salvador,576.93
01-09-2022,Salvador,560.31
01-10-2022,Salvador,562.59
01-11-2022,Salvador,550.67
01-12-2022,Salvador,570.7
01-01-2023,Salvador,594.83
01-02-2023,Salvador,596.88
01-03-2023,Salvador,591.4
01-04-2023,Salvador,585.99
01-05-2023,Salvador,594.32
01-06-2023,Salvador,595.84
01-07-2023,Salvador,596.04
01-08-2023,Salvador,575.81
01-09-2023,Salvador,571.01
01-10-2023,Salvador,563.1
01-11-2023,Salvador,550.86
01-12-2023,Salvador,560.81
01-01-2024,Salvador,593.26
01-02-2024,Salvador,604.3
01-03-2024,Salvador,620.13
01-04-2024,Salvador,640.12
01-05-2024,Salvador,623.05
01-06-2024,Salvador,613.22
01-07-2024,Salvador,579.75
01-08-2024,Salvador,560.72
01-09-2024,Salvador,553.62
01-10-2024,Salvador,560.65
01-11-2024,Salvador,574.78
01-12-2024,Salvador,583.89
01-01-2025,Salvador,620.23
01-02-2025,Salvador,628.8
01-03-2025,Salvador,633.58
01-12-2015 (1),São Luís,327.49
01-01-2016,São Luís,351.17
01-02-2016,São Luís,355.29
01-03-2016,São Luís,356.56
01-04-2016,São Luís,357.11
01-05-2016,São Luís,360.12
01-06-2016,São Luís,368.49
01-07-2016,São Luís,384.63
01-08-2016,São Luís,386.2
01-09-2016,São Luís,383.04
01-10-2016,São Luís,386.41
01-11-2016,São Luís,371.42
01-12-2016,São Luís,356.07
01-01-2017,São Luís,353.97
01-02-2017,São Luís,354.45
01-03-2017,São Luís,364.28
01-04-2017,São Luís,365.57
01-05-2017,São Luís,364.8
01-06-2017,São Luís,365.52
01-07-2017,São Luís,367.59
01-08-2017,São Luís,352.36
01-09-2017,São Luís,338.38
01-10-2017,São Luís,337.37
01-11-2017,São Luís,333.14
01-12-2017,São Luís,334.13
01-01-2018,São Luís,355.22
01-02-2018,São Luís,356.74
01-03-2018,São Luís,353.16
01-04-2018,São Luís,345.33
01-05-2018,São Luís,349.98
01-06-2018,São Luís,358.71
01-07-2018,São Luís,336.67
01-08-2018,São Luís,329.42
01-09-2018,São Luís,324.04
01-10-2018,São Luís,333.36
01-11-2018,São Luís,354.83
01-12-2018,São Luís,353.4
01-01-2019,São Luís,353.85
01-02-2019,São Luís,368.82
01-03-2019,São Luís,395.58
01-04-2019,São Luís,423.66
01-12-2015 (1),Teresina,343.59
01-01-2016,Teresina,375.05
01-02-2016,Teresina,377.93
01-03-2016,Teresina,385.8
01-04-2016,Teresina,378.21
01-05-2016,Teresina,375.64
01-06-2016,Teresina,395.69
01-07-2016,Teresina,400.27
01-08-2016,Teresina,399.73
01-09-2016,Teresina,402.34
01-10-2016,Teresina,395.21
01-11-2016,Teresina,383.52
01-12-2016,Teresina,378.95
01-01-2017,Teresina,381.12
01-02-2017,Teresina,376.48
01-03-2017,Teresina,391.15
01-04-2017,Teresina,397.3
01-05-2017,Teresina,397.38
01-06-2017,Teresina,389.39
01-07-2017,Teresina,382.63
01-07-2012,Macaé,254.3
01-08-2012,Macaé,269.77
01-09-2012,Macaé,262.71
01-10-2012,Macaé,262.45
01-11-2012,Macaé,248.96
01-12-2012,Macaé,252.88
01-01-2013,Macaé,275.69
01-02-2013,Macaé,276.53
01-03-2013,Macaé,274.27
01-04-2013,Macaé,275.07
01-05-2013,Macaé,277.75
01-06-2013,Macaé,266.0
01-07-2013,Macaé,260.66
01-08-2013,Macaé,257.54
01-09-2013,Macaé,257.51
01-10-2013,Macaé,264.88
01-11-2013,Macaé,261.7
01-12-2013,Macaé,264.98
01-01-2014,Macaé,269.89
01-02-2014,Macaé,272.5
01-03-2014,Macaé,279.12
01-04-2014,Macaé,280.02
01-05-2014,Macaé,285.7
01-06-2014,Macaé,277.78
01-07-2014,Macaé,272.82
01-08-2014,Macaé,278.12
01-09-2014,Macaé,278.17
01-10-2014,Macaé,281.53
01-11-2014,Macaé,280.99
01-12-2014,Macaé,308.26
01-01-2015,Macaé,326.12
01-02-2015,Macaé,328.74
01-03-2015,Macaé,328.15
01-04-2015,Macaé,333.67
01-05-2015,Macaé,349.62
01-06-2015,Macaé,328.42
01-07-2015,Macaé,339.22
01-08-2015,Macaé,325.9
01-09-2015,Macaé,324.69
01-10-2015,Macaé,321.06
01-11-2015,Macaé,337.45
01-12-2015,Macaé,345.84
01-12-2015 (1),Macaé,354.05
01-01-2016,Macaé,396.39
01-02-2016,Macaé,388.93
01-03-2016,Macaé,378.92
01-04-2016,Macaé,372.31
01-05-2016,Macaé,379.38
01-06-2016,Macaé,397.22
01-07-2016,Macaé,382.05
01-08-2016,Macaé,418.16
01-09-2016,Macaé,413.2
01-10-2016,Macaé,410.67
01-11-2016,Macaé,404.92
01-12-2016,Macaé,395.22
01-01-2017,Macaé,391.84
01-02-2017,Macaé,387.68
01-03-2017,Macaé,388.74
01-04-2017,Macaé,396.17
01-05-2017,Macaé,392.88
01-06-2017,Macaé,388.69
01-07-2017,Macaé,380.57
01-08-2017,Macaé,373.19
01-09-2017,Macaé,369.93
01-10-2017,Macaé,369.49
01-11-2017,Macaé,370.11
01-12-2017,Macaé,362.38
01-02-2018,Macaé,376.2
01-06-2018,Macaé,368.77
01-07-2018,Macaé,360.86
01-12-2020,Macaé,567.89
